uuid,adm4_pcode,date,freq,pct_area_flood_hazard_100yr_low,pct_area_flood_hazard_100yr_med,pct_area_flood_hazard_100yr_high,pct_area_flood_hazard_25yr_low,pct_area_flood_hazard_25yr_med,pct_area_flood_hazard_25yr_high,pct_area_flood_hazard_5yr_low,pct_area_flood_hazard_5yr_med,pct_area_flood_hazard_5yr_high,pct_area_landslide_hazard_low,pct_area_landslide_hazard_med,pct_area_landslide_hazard_high
PNHZD000000,PH050506053,2015-01-01,S,18.7712,0.6885,0.0907,2.0355,0.5726,0.0593,1.375,0.3818,0.0356,0.0,0.0,0.0
PNHZD000001,PH050506056,2015-01-01,S,3.3062,5.8337,6.5147,0.0,0.0,0.0,0.0,0.0,0.0,10.1344,7.9272,1.9193
PNHZD000002,PH050506072,2015-01-01,S,4.4233,1.8771,0.0,3.2703,1.7898,0.0,2.4791,1.1932,0.0,0.0,0.0,0.0
PNHZD000003,PH050506020,2015-01-01,S,7.0334,68.6624,22.8292,17.2611,70.5887,5.9013,20.8956,51.5883,0.0,0.0,0.0,0.0
PNHZD000004,PH050506051,2015-01-01,S,17.2954,5.9285,0.1185,13.7895,4.5504,0.0476,9.6298,2.9822,0.0406,0.0,0.0,0.0
PNHZD000005,PH050506022,2015-01-01,S,3.0268,76.6382,18.6305,12.471,74.491,9.9184,30.5161,49.2529,0.3036,0.0,0.0,0.0
PNHZD000006,PH050506042,2015-01-01,S,16.383,8.9192,2.9073,13.1479,6.7591,2.0786,10.8763,3.9312,1.2902,0.0,0.0,0.0
PNHZD000007,PH050506012,2015-01-01,S,20.0047,7.7246,2.3287,13.3508,5.6616,1.9653,7.9876,3.7236,1.1578,0.0,0.0,0.0
PNHZD000008,PH050506003,2015-01-01,S,15.4801,0.6898,0.2387,0.0,0.0,0.0,0.0,0.0,0.0,0.0,0.0,0.0
PNHZD000009,PH050506038,2015-01-01,S,5.7406,8.497,27.8612,4.6844,8.8551,23.435,3.4895,11.4092,14.3662,0.0,0.0,0.0
PNHZD00000A,PH050506007,2015-01-01,S,8.4625,27.2799,0.8198,9.869,23.796,0.3804,13.0259,17.2057,0.2092,9.3454,2.7838,0.0
PNHZD00000B,PH050506043,2015-01-01,S,3.5678,4.9732,2.7595,3.8585,4.2943,2.1618,3.3811,3.3133,1.1829,19.9748,14.0244,0.4194
PNHZD00000C,PH050506045,2015-01-01,S,33.277,4.5512,0.5828,0.0,0.0,0.0,0.0,0.0,0.0,0.1687,0.078,0.0
PNHZD00000D,PH050506001,2015-01-01,S,30.2041,5.0212,0.9839,0.0,0.0,0.0,0.0,0.0,0.0,0.0511,0.0023,0.0
PNHZD00000E,PH050506065,2015-01-01,S,2.9488,5.2586,3.8357,0.0,0.0,0.0,0.0,0.0,0.0,12.8135,12.5014,2.8234
PNHZD00000F,PH050506035,2015-01-01,S,26.9323,21.0943,0.086,24.3425,13.7607,0.0165,18.3723,3.8524,0.0165,0.0,0.0,0.0
PNHZD000010,PH050506048,2015-01-01,S,2.654,3.6327,1.0123,0.0,0.0,0.0,0.0,0.0,0.0,11.7033,29.9528,29.6364
PNHZD000011,PH050506004,2015-01-01,S,3.8499,6.3808,2.405,0.0,0.0,0.0,0.0,0.0,0.0,6.1002,3.9786,0.8471
PNHZD000012,PH050506002,2015-01-01,S,7.1144,24.5344,3.2029,0.0,0.0,0.0,0.0,0.0,0.0,7.7418,8.0641,0.9347
PNHZD000013,PH050506049,2015-01-01,S,22.0336,1.1216,0.7083,0.0,0.0,0.0,0.0,0.0,0.0,0.3899,0.0345,0.3228
PNHZD000014,PH050506062,2015-01-01,S,8.4332,4.3438,6.9139,6.8216,3.5699,4.0056,5.1811,2.6238,2.9425,0.3092,0.0847,0.1998
PNHZD000015,PH050506071,2015-01-01,S,10.1318,0.9155,0.3426,0.0,0.0,0.0,0.0,0.0,0.0,0.2439,0.1001,12.5007
PNHZD000016,PH050506017,2015-01-01,S,16.9253,36.983,15.9963,18.3927,33.4417,10.6009,18.9746,22.7773,4.2416,0.7156,0.4989,0.0
PNHZD000017,PH050506061,2015-01-01,S,8.7401,6.0987,2.0501,0.0,0.0,0.0,0.0,0.0,0.0,0.2242,0.249,67.8127
PNHZD000018,PH050506011,2015-01-01,S,18.8211,51.0647,16.9369,21.9524,48.768,8.606,25.0689,36.9772,2.6799,0.0469,0.0826,0.0
PNHZD000019,PH050506069,2015-01-01,S,13.3511,9.5975,2.8568,12.5658,7.2659,1.9595,10.9105,4.3637,1.2517,0.0045,0.0,0.0
PNHZD00001A,PH050506016,2015-01-01,S,6.1311,3.2739,13.1016,4.7916,3.4186,10.8247,3.9405,4.6159,7.2124,10.8205,4.9122,0.0
PNHZD00001B,PH050506050,2015-01-01,S,2.9443,6.1847,4.1809,0.0,0.0,0.0,0.0,0.0,0.0,8.2374,7.788,0.4888
PNHZD00001C,PH050506009,2015-01-01,S,18.8911,32.3713,4.3489,20.9225,24.4915,3.5026,17.4492,16.7789,2.3825,1.4137,2.5696,0.0
PNHZD00001D,PH050506059,2015-01-01,S,3.0818,5.1757,4.3118,0.0,0.0,0.0,0.0,0.0,0.0,11.5878,11.6513,3.8183
PNHZD00001E,PH050506026,2015-01-01,S,25.3986,22.4019,0.0,19.8668,13.2786,0.0,13.9386,1.5288,0.0,0.0,0.0,0.0
PNHZD00001F,PH050506046,2015-01-01,S,12.5797,14.3811,8.3195,9.4374,9.3974,5.7759,7.2448,6.6914,4.8509,0.4157,1.6112,33.0904
PNHZD000020,PH050506023,2015-01-01,S,6.4393,79.7683,11.8263,15.1187,71.9715,7.4889,37.0694,36.6587,0.4439,0.0,0.0,0.0
PNHZD000021,PH050506010,2015-01-01,S,10.195,21.1703,5.2881,10.3014,18.5013,3.8515,8.2345,16.0891,1.9296,9.6671,22.3073,0.0
PNHZD000022,PH050506037,2015-01-01,S,22.0018,23.3582,7.9066,18.9702,13.8307,7.2356,12.8408,4.3854,6.9321,0.0,0.0,0.0
PNHZD000023,PH050506019,2015-01-01,S,1.2921,26.3239,66.7962,3.0704,59.152,31.4218,4.4481,84.1045,1.2443,0.0,0.0,0.6897
PNHZD000024,PH050506055,2015-01-01,S,20.2066,14.3246,1.2667,17.1377,10.4889,1.1261,12.0033,6.8757,1.0707,0.0138,0.0166,0.0
PNHZD000025,PH050506018,2015-01-01,S,17.4086,45.2022,30.7435,21.2174,40.6855,19.8098,12.1996,34.1435,11.3068,0.0,0.0,0.0
PNHZD000026,PH050506025,2015-01-01,S,9.4154,48.5193,30.6976,11.5236,53.0569,19.5174,13.8716,55.3226,0.8374,0.0,0.0,0.0
PNHZD000027,PH050506073,2015-01-01,S,13.9295,66.2484,4.8627,22.1324,50.3866,2.4174,25.8299,19.2621,0.188,0.0,0.0,0.0
PNHZD000028,PH050506066,2015-01-01,S,29.0938,0.201,0.0481,0.0937,0.1342,0.0,0.0556,0.0932,0.0,0.0,0.0,0.0
PNHZD000029,PH050506021,2015-01-01,S,24.3954,58.1852,7.9209,32.1405,41.0324,2.4216,17.4839,11.4785,0.9158,0.0,0.0,0.0
PNHZD00002A,PH050506033,2015-01-01,S,7.1916,80.7013,2.1937,19.2257,65.5384,0.1381,37.6864,18.1609,0.0,0.0,0.0,0.0
PNHZD00002B,PH050506039,2015-01-01,S,9.4907,7.7651,14.4577,4.75,5.3522,13.2535,3.3927,5.2579,8.2935,0.0,0.0,0.0
PNHZD00002C,PH050506027,2015-01-01,S,11.4106,5.5617,4.3222,8.5899,3.8599,3.6828,3.7362,3.8744,2.2195,0.0,0.0,0.0
PNHZD00002D,PH050506044,2015-01-01,S,2.3515,4.7303,4.3538,0.0,0.0,0.0,0.0,0.0,0.0,6.7715,4.5406,0.5412
PNHZD00002E,PH050506015,2015-01-01,S,10.9535,27.5991,48.3154,12.3582,26.515,42.424,12.0232,29.9222,23.6977,0.0,0.0,0.0
PNHZD00002F,PH050506077,2015-01-01,S,4.3695,4.5065,0.6262,0.0,0.0,0.0,0.0,0.0,0.0,15.5517,21.5638,10.6875
PNHZD000030,PH050506030,2015-01-01,S,23.6398,45.7035,0.0,18.8998,33.4354,0.0,24.0536,7.4992,0.0,0.2549,0.0,0.0
PNHZD000031,PH050506032,2015-01-01,S,9.9431,74.962,11.0087,19.3791,66.1791,1.7691,25.7305,22.488,0.0,0.0,0.0,0.0
PNHZD000032,PH050506058,2015-01-01,S,8.1045,2.6698,2.1112,1.6666,0.5764,0.1385,1.1474,0.4416,0.0929,0.684,0.4753,20.6579
PNHZD000033,PH050506067,2015-01-01,S,13.37,40.8249,10.1249,16.5971,34.9572,3.4486,15.9041,12.1976,0.0481,0.1083,0.0202,0.0
PNHZD000034,PH050506005,2015-01-01,S,15.1336,4.8652,1.3342,12.5883,3.8812,0.938,9.9435,2.3884,0.3327,0.0,0.0,0.0
PNHZD000035,PH050506024,2015-01-01,S,6.2894,33.7365,15.9188,6.9043,35.1365,9.9891,12.8023,28.0534,0.0,2.3526,7.6379,4.538
PNHZD000036,PH050506041,2015-01-01,S,11.1245,7.239,12.8978,5.1901,6.6569,10.912,4.4677,4.4571,6.4479,0.0,0.0,0.0
PNHZD000037,PH050506052,2015-01-01,S,5.9091,23.215,9.049,7.0609,23.2467,4.8268,8.711,19.4243,0.5706,4.9885,13.3518,11.338
PNHZD000038,PH050506028,2015-01-01,S,27.8451,32.7363,0.0924,26.197,15.9841,0.0893,15.2766,1.4076,0.0,0.0,0.0,0.0
PNHZD000039,PH050506064,2015-01-01,S,28.6376,17.7798,3.1071,17.0112,10.25,2.7538,11.9796,5.4612,2.2693,0.0717,0.008,0.0
PNHZD00003A,PH050506057,2015-01-01,S,3.1458,5.1897,10.3261,0.0,0.0,0.0,0.0,0.0,0.0,5.8371,3.2216,0.1387
PNHZD00003B,PH050506013,2015-01-01,S,28.0186,30.1362,4.0855,26.7386,23.4942,3.1958,23.5572,10.2493,2.2386,0.0,0.0,0.0
PNHZD00003C,PH050506060,2015-01-01,S,6.1677,4.6259,0.0742,0.0,0.0,0.0,0.0,0.0,0.0,8.5456,8.6187,1.4838
PNHZD00003D,PH050506008,2015-01-01,S,8.7871,36.5983,6.3399,11.0851,32.9965,4.069,15.3698,26.0884,2.4251,6.9699,17.5011,0.0
PNHZD00003E,PH050506070,2015-01-01,S,4.4376,7.3159,4.7183,0.2115,0.7082,2.1837,0.2194,1.0483,1.6812,9.8108,10.785,2.5275
PNHZD00003F,PH050506040,2015-01-01,S,3.0628,3.2815,3.3082,2.1948,3.2369,2.6627,1.9038,3.8746,0.826,15.8325,27.4486,0.0
PNHZD000040,PH050506047,2015-01-01,S,9.1938,2.0608,1.6407,2.9,1.1688,1.0151,2.0256,0.7944,0.8266,0.2437,0.2309,11.7487
PNHZD000041,PH050506063,2015-01-01,S,5.7382,6.6893,1.4563,3.3148,4.3453,0.3849,3.4513,3.3023,0.1831,10.7477,15.6499,5.4083
PNHZD000042,PH050506029,2015-01-01,S,24.1571,51.4859,0.0,25.0108,37.8647,0.0,24.3119,10.9714,0.0,0.1263,0.0,0.0
PNHZD000043,PH050506034,2015-01-01,S,27.4086,56.2032,0.0,40.7748,21.2353,0.0,17.9254,1.0059,0.0,0.0,0.0,0.0
PNHZD000044,PH050506074,2015-01-01,S,2.9366,10.082,19.0673,3.1845,11.7537,15.5862,5.0719,11.6711,11.2482,10.2869,16.7327,13.9562
PNHZD000045,PH050506054,2015-01-01,S,2.4739,2.8708,0.7159,0.4379,0.7312,0.2022,0.41,0.5852,0.1389,18.767,22.4588,6.96
PNHZD000046,PH072230023,2015-01-01,S,8.7524,19.3805,9.0951,0.0,0.0,0.0,0.0,0.0,0.0,0.8988,0.6938,0.0052
PNHZD000047,PH072230001,2015-01-01,S,17.3911,27.9909,3.8883,0.0,0.0,0.0,0.0,0.0,0.0,0.3419,0.0928,0.0
PNHZD000048,PH072230014,2015-01-01,S,6.2414,7.4533,9.1363,0.0,0.0,0.0,0.0,0.0,0.0,1.13,0.6683,0.0
PNHZD000049,PH072230006,2015-01-01,S,21.7246,4.8587,0.0,0.0,0.0,0.0,0.0,0.0,0.0,0.0,0.0,0.0
PNHZD00004A,PH072230011,2015-01-01,S,7.1816,10.2922,9.695,0.0,0.0,0.0,0.0,0.0,0.0,4.0168,6.2039,1.4096
PNHZD00004B,PH072230024,2015-01-01,S,9.0076,7.6394,2.2985,0.0,0.0,0.0,0.0,0.0,0.0,10.9474,21.8352,1.8569
PNHZD00004C,PH072230025,2015-01-01,S,9.8841,23.7746,38.5303,0.0,0.0,0.0,0.0,0.0,0.0,1.4241,0.2523,0.0
PNHZD00004D,PH072230013,2015-01-01,S,26.0936,5.6427,0.7714,0.0,0.0,0.0,0.0,0.0,0.0,0.1659,0.2601,0.0
PNHZD00004E,PH072230026,2015-01-01,S,28.0023,14.772,0.0044,0.0,0.0,0.0,0.0,0.0,0.0,0.003,0.0,0.0
PNHZD00004F,PH072230003,2015-01-01,S,27.129,10.0623,0.387,0.0,0.0,0.0,0.0,0.0,0.0,0.0,0.0,0.0
PNHZD000050,PH072230009,2015-01-01,S,9.1001,3.3734,4.6139,0.0,0.0,0.0,0.0,0.0,0.0,0.4715,0.2541,0.0
PNHZD000051,PH072230027,2015-01-01,S,12.5203,21.6809,3.8599,0.0,0.0,0.0,0.0,0.0,0.0,0.0,0.0,0.0
PNHZD000052,PH072230008,2015-01-01,S,2.7,5.4753,1.6005,0.0,0.0,0.0,0.0,0.0,0.0,12.4925,28.9138,0.0
PNHZD000053,PH072230022,2015-01-01,S,15.7135,45.5713,0.9995,0.0,0.0,0.0,0.0,0.0,0.0,0.0,0.0,0.0
PNHZD000054,PH072230018,2015-01-01,S,12.4675,37.5041,0.0751,0.0,0.0,0.0,0.0,0.0,0.0,0.0,0.0,0.0
PNHZD000055,PH072230012,2015-01-01,S,24.7851,5.1761,0.1531,0.0,0.0,0.0,0.0,0.0,0.0,0.0,0.0,0.0
PNHZD000056,PH072230007,2015-01-01,S,11.6759,21.2962,13.1175,0.0,0.0,0.0,0.0,0.0,0.0,0.9276,0.1426,0.0
PNHZD000057,PH072230004,2015-01-01,S,19.2503,24.397,11.3418,0.0,0.0,0.0,0.0,0.0,0.0,0.0,0.0,0.0
PNHZD000058,PH072230021,2015-01-01,S,8.4596,9.7488,0.4862,0.0,0.0,0.0,0.0,0.0,0.0,1.0386,0.4467,0.0
PNHZD000059,PH072230019,2015-01-01,S,31.1449,28.8063,0.9649,0.0,0.0,0.0,0.0,0.0,0.0,0.0,0.0,0.0
PNHZD00005A,PH072230005,2015-01-01,S,19.0255,18.1682,4.5647,0.0,0.0,0.0,0.0,0.0,0.0,0.7583,0.2311,0.0
PNHZD00005B,PH072230010,2015-01-01,S,23.5583,30.5708,0.0,0.0,0.0,0.0,0.0,0.0,0.0,0.0,0.0,0.0
PNHZD00005C,PH072230020,2015-01-01,S,20.5728,19.7216,8.0926,0.0,0.0,0.0,0.0,0.0,0.0,0.0219,0.0,0.0
PNHZD00005D,PH072230017,2015-01-01,S,10.6638,23.3542,9.3605,0.0,0.0,0.0,0.0,0.0,0.0,0.7425,0.1108,0.0785
PNHZD00005E,PH072230002,2015-01-01,S,21.8949,0.0247,0.0,0.0,0.0,0.0,0.0,0.0,0.0,0.0,0.0,0.0
PNHZD00005F,PH072230015,2015-01-01,S,14.6915,11.2459,7.9883,0.0,0.0,0.0,0.0,0.0,0.0,0.0,0.0,0.0
PNHZD000060,PH072230016,2015-01-01,S,18.0568,0.5005,0.0,0.0,0.0,0.0,0.0,0.0,0.0,0.0,0.0,0.0
PNHZD000061,PH112402032,2015-01-01,S,5.7322,3.2456,2.2688,4.482,1.9528,1.7573,3.425,1.5133,1.2078,6.6447,12.7733,0.9112
PNHZD000062,PH112402160,2015-01-01,S,25.8344,1.8175,0.0,20.2877,0.4392,0.0,12.1116,0.0367,0.0,0.0,0.0,0.0
PNHZD000063,PH112402068,2015-01-01,S,11.5754,7.1234,2.1008,0.0281,0.0412,0.809,0.0329,0.0386,0.6908,0.3915,0.4353,0.0252
PNHZD000064,PH112402041,2015-01-01,S,5.7589,1.6822,3.4558,4.7739,1.4203,3.0922,3.3963,1.1359,2.4936,4.1664,16.9259,7.0837
PNHZD000065,PH112402067,2015-01-01,S,0.8983,4.1868,8.0411,0.0,0.0,0.0,0.0,0.0,0.0,3.9579,27.5765,57.2318
PNHZD000066,PH112402165,2015-01-01,S,59.3885,8.0291,2.7343,44.5327,4.6296,2.6692,16.8523,3.8758,2.3437,0.0,0.0,0.0
PNHZD000067,PH112402033,2015-01-01,S,7.2694,4.6341,6.1955,0.0,0.0,0.0,0.0,0.0,0.0,1.6858,5.4824,2.3376
PNHZD000068,PH112402110,2015-01-01,S,7.3088,6.1308,3.9005,6.5978,5.8379,3.1996,5.3726,4.8255,2.2049,3.7705,4.8864,0.2582
PNHZD000069,PH112402038,2015-01-01,S,0.9119,4.0617,3.9219,0.0,0.0,0.0,0.0,0.0,0.0,7.4649,35.557,36.9524
PNHZD00006A,PH112402135,2015-01-01,S,15.9929,30.2702,31.5426,14.0783,6.9021,23.0298,10.1976,9.8278,12.267,0.0,0.0,0.0
PNHZD00006B,PH112402148,2015-01-01,S,38.2196,18.4966,0.0,35.8288,9.9849,0.0,21.5339,2.3987,0.0,0.0,0.0,0.0
PNHZD00006C,PH112402108,2015-01-01,S,1.8071,4.3223,3.8123,0.0,0.0,0.0,0.0,0.0,0.0,12.0119,46.1283,21.306
PNHZD00006D,PH112402028,2015-01-01,S,8.0441,1.7158,8.2931,6.5453,1.2441,7.5942,4.4845,0.9745,6.3716,2.9921,5.8855,4.2323
PNHZD00006E,PH112402092,2015-01-01,S,2.3309,5.2614,4.2221,0.0,0.0,0.0,0.0,0.0,0.0,11.0357,58.9096,23.6623
PNHZD00006F,PH112402162,2015-01-01,S,49.9174,0.1969,0.0,29.4292,0.0,0.0,10.1775,0.0,0.0,0.0,0.0,0.0
PNHZD000070,PH112402186,2015-01-01,S,28.8992,33.7235,0.0,0.0,0.0,0.0,0.0,0.0,0.0,0.0,0.0,0.0
PNHZD000071,PH112402115,2015-01-01,S,3.4998,4.1953,19.5959,0.4076,0.5894,14.5901,0.4169,0.5025,13.7812,6.5415,23.8797,6.4494
PNHZD000072,PH112402193,2015-01-01,S,18.6532,13.7854,3.0784,0.7647,0.0253,0.0006,0.3834,0.014,0.0,0.1273,0.4626,0.0
PNHZD000073,PH112402030,2015-01-01,S,7.5756,5.1656,4.9994,6.5503,4.7846,4.3322,5.0718,3.927,3.0107,3.6839,7.2481,1.5825
PNHZD000074,PH112402178,2015-01-01,S,0.5842,4.2842,2.8384,0.0,0.0,0.0,0.0,0.0,0.0,3.6604,22.5624,70.0029
PNHZD000075,PH112402196,2015-01-01,S,17.4201,3.7573,0.0465,2.3378,0.0,0.0,1.1959,0.0,0.0,0.0,0.0,0.0
PNHZD000076,PH112402049,2015-01-01,S,8.2691,10.8776,4.9339,0.0,0.0,0.0,0.0,0.0,0.0,4.3532,3.336,0.0
PNHZD000077,PH112402073,2015-01-01,S,1.3826,4.9717,4.2624,0.0216,0.0103,0.0031,0.0178,0.0061,0.0031,9.3072,39.3385,32.0956
PNHZD000078,PH112402100,2015-01-01,S,19.7097,25.0095,5.8733,0.0,0.0,0.0,0.0,0.0,0.0,1.7207,3.0309,0.2551
PNHZD000079,PH112402081,2015-01-01,S,13.2056,7.6411,3.6059,3.5073,1.7935,2.7426,2.0092,0.7815,2.0358,0.4341,0.4893,0.0581
PNHZD00007A,PH112402040,2015-01-01,S,24.2773,36.6768,10.3392,27.4842,29.2671,4.1576,13.7446,19.0763,0.6381,0.0,0.0,0.0
PNHZD00007B,PH112402198,2015-01-01,S,18.3843,6.0537,0.8231,0.0,0.0,0.0,0.0,0.0,0.0,0.0,0.0,0.0
PNHZD00007C,PH112402179,2015-01-01,S,47.5035,34.3467,0.0,0.0,0.0,0.0,0.0,0.0,0.0,0.0,0.0,0.0
PNHZD00007D,PH112402043,2015-01-01,S,23.6298,15.8636,1.1511,0.8606,0.4281,0.0,0.682,0.2608,0.0,0.0,0.0,0.0
PNHZD00007E,PH112402001,2015-01-01,S,2.2467,5.5116,3.9854,0.0907,0.0825,0.0251,0.0831,0.0748,0.0084,10.3428,25.0197,4.53
PNHZD00007F,PH112402137,2015-01-01,S,48.0813,22.9094,0.0,48.2124,14.8364,0.0,43.3552,3.8867,0.0,0.0,0.0,0.0
PNHZD000080,PH112402140,2015-01-01,S,22.1001,4.37,0.0,20.7724,1.6128,0.0,14.4763,0.7784,0.0,0.0,0.0,0.0
PNHZD000081,PH112402097,2015-01-01,S,9.4355,9.2829,22.8346,0.0,0.0,0.0,0.0,0.0,0.0,0.0,0.0,0.0
PNHZD000082,PH112402053,2015-01-01,S,2.9,4.4606,12.7143,0.0,0.0,0.0,0.0,0.0,0.0,7.751,28.5317,21.8771
PNHZD000083,PH112402024,2015-01-01,S,6.2108,2.1276,2.7987,0.0,0.0,0.0,0.0,0.0,0.0,0.3732,3.8818,13.3523
PNHZD000084,PH112402120,2015-01-01,S,10.5043,3.3581,15.743,0.0,0.0,0.0,0.0,0.0,0.0,3.8982,12.0051,3.6884
PNHZD000085,PH112402055,2015-01-01,S,2.9521,3.3447,7.1158,3.1855,2.876,6.1604,2.2763,2.1573,5.1533,13.0479,28.474,4.8362
PNHZD000086,PH112402129,2015-01-01,S,10.338,5.4547,4.0734,5.2229,3.1861,0.895,4.2688,2.5078,0.4812,0.8512,0.3472,0.0
PNHZD000087,PH112402090,2015-01-01,S,4.1404,5.3033,14.3013,0.0,0.0,0.0,0.0,0.0,0.0,3.3659,14.8814,4.4127
PNHZD000088,PH112402190,2015-01-01,S,22.7125,50.3768,0.0,0.0,0.0,0.0,0.0,0.0,0.0,0.0,0.0,0.0
PNHZD000089,PH112402072,2015-01-01,S,4.1178,7.1186,19.006,3.7779,7.8894,16.917,3.5017,8.9547,13.2941,2.7425,6.7824,1.5314
PNHZD00008A,PH112402047,2015-01-01,S,2.4865,6.6887,12.4658,0.0,0.0,0.0,0.0,0.0,0.0,8.9765,26.4097,8.4124
PNHZD00008B,PH112402133,2015-01-01,S,16.6031,3.0038,3.4521,0.0,0.0,0.0,0.0,0.0,0.0,0.7988,3.7594,2.6241
PNHZD00008C,PH112402039,2015-01-01,S,2.3677,6.7406,6.976,0.0,0.0,0.0,0.0,0.0,0.0,11.0404,37.8941,20.8815
PNHZD00008D,PH112402019,2015-01-01,S,8.4639,16.7046,5.4377,6.4449,9.9796,3.3842,5.9647,7.8132,2.2165,1.1564,1.3288,0.0
PNHZD00008E,PH112402164,2015-01-01,S,31.7118,0.5495,0.0,23.1736,0.0904,0.0,12.2365,0.0,0.0,0.0,0.0,0.0
PNHZD00008F,PH112402159,2015-01-01,S,23.4409,5.8304,0.0,20.6301,2.547,0.0,15.47,0.0,0.0,0.0,0.0,0.0
PNHZD000090,PH112402141,2015-01-01,S,2.9214,4.5827,43.1372,3.135,2.885,32.9661,2.9034,2.5895,30.4963,4.0744,3.2698,0.0
PNHZD000091,PH112402176,2015-01-01,S,19.6475,46.8274,3.0392,0.0,0.0,0.0,0.0,0.0,0.0,0.0,0.0,0.0
PNHZD000092,PH112402143,2015-01-01,S,11.9775,6.9011,64.0658,15.9176,12.1285,35.5311,13.2299,4.3666,29.8254,0.5147,0.0454,0.0
PNHZD000093,PH112402010,2015-01-01,S,15.9865,13.3999,1.8867,0.0165,0.0,0.0,0.012,0.0,0.0,0.0144,0.0014,0.0
PNHZD000094,PH112402018,2015-01-01,S,9.1189,4.1896,0.8458,1.2349,0.4097,0.0,1.0137,0.209,0.0,2.7078,2.3162,0.0
PNHZD000095,PH112402116,2015-01-01,S,13.0383,29.2247,9.0914,10.6047,8.5776,3.6889,8.319,5.9737,2.1116,2.4359,4.0222,1.1292
PNHZD000096,PH112402107,2015-01-01,S,19.0806,7.4451,3.4119,0.0,0.0,0.0,0.0,0.0,0.0,0.724,1.4877,0.1652
PNHZD000097,PH112402144,2015-01-01,S,54.8274,8.9712,0.0,47.4759,3.4522,0.0,27.9848,0.7185,0.0,0.0,0.0,0.0
PNHZD000098,PH112402013,2015-01-01,S,5.9282,4.5802,2.9704,0.0,0.0,0.0,0.0,0.0,0.0,4.5591,8.5627,0.2728
PNHZD000099,PH112402036,2015-01-01,S,8.8721,38.1519,41.0386,13.022,40.0249,31.9331,17.0786,37.0818,19.0722,0.0,0.0,0.0
PNHZD00009A,PH112402060,2015-01-01,S,1.2454,4.533,3.7289,0.0,0.0,0.0,0.0,0.0,0.0,8.3379,38.213,35.073
PNHZD00009B,PH112402173,2015-01-01,S,5.4156,28.4313,35.7973,16.7649,38.3777,6.7939,13.0827,2.1241,4.0381,0.0,0.0,0.0
PNHZD00009C,PH112402138,2015-01-01,S,3.9357,6.4713,59.0459,4.3976,14.0811,36.9357,6.9511,14.0469,17.4519,0.6273,0.0,0.0
PNHZD00009D,PH112402077,2015-01-01,S,6.4634,8.79,22.8647,7.473,10.9481,19.1908,7.0401,12.5182,12.7366,10.17,21.7273,2.5178
PNHZD00009E,PH112402050,2015-01-01,S,2.6047,4.2365,3.2627,1.3114,1.5453,1.229,1.2219,1.5088,0.4459,8.8832,20.2381,3.3637
PNHZD00009F,PH112402174,2015-01-01,S,14.8775,5.1966,4.6237,0.0,0.0,0.0,0.0,0.0,0.0,0.2071,0.0,0.0
PNHZD0000A0,PH112402088,2015-01-01,S,1.792,6.6212,16.8673,0.0,0.0,0.0,0.0,0.0,0.0,8.3582,41.0119,21.4929
PNHZD0000A1,PH112402105,2015-01-01,S,6.6362,3.9782,2.9348,0.1206,0.1242,0.5943,0.1085,0.1092,0.491,2.9574,8.4223,3.368
PNHZD0000A2,PH112402189,2015-01-01,S,1.5721,5.0265,3.4119,0.0,0.0,0.0,0.0,0.0,0.0,15.489,44.9783,14.6919
PNHZD0000A3,PH112402122,2015-01-01,S,7.758,3.0751,4.1741,0.0,0.0,0.0,0.0,0.0,0.0,1.3855,7.5243,6.102
PNHZD0000A4,PH112402058,2015-01-01,S,14.1277,14.1066,27.6129,0.0,0.0,0.0,0.0,0.0,0.0,0.0,0.0,0.0
PNHZD0000A5,PH112402009,2015-01-01,S,14.5717,5.8662,3.5576,0.0,0.0,0.0,0.0,0.0,0.0,0.2329,0.0754,0.0
PNHZD0000A6,PH112402166,2015-01-01,S,57.8981,9.1836,0.0,51.8706,4.5212,0.0,34.6142,1.6187,0.0,0.0,0.0,0.0
PNHZD0000A7,PH112402142,2015-01-01,S,9.8609,6.1864,54.6704,13.2936,11.9256,24.0703,12.3244,9.5314,16.1197,1.8839,0.4881,0.0
PNHZD0000A8,PH112402048,2015-01-01,S,9.7348,3.999,7.867,0.0,0.0,0.0,0.0,0.0,0.0,2.4471,9.7654,2.7738
PNHZD0000A9,PH112402063,2015-01-01,S,2.5964,2.5372,4.6004,2.626,2.5802,3.8759,2.308,2.3774,2.9636,14.109,39.9601,14.8694
PNHZD0000AA,PH112402023,2015-01-01,S,3.7706,5.2657,4.1669,1.0089,0.856,1.0782,0.9381,0.7683,0.7887,6.7874,8.8207,0.5783
PNHZD0000AB,PH112402901,2015-01-01,S,1.2152,3.8918,3.043,0.5623,0.4114,0.4545,0.4884,0.3551,0.3365,5.2828,26.7795,57.8851
PNHZD0000AC,PH112402091,2015-01-01,S,2.2881,6.1402,5.4849,0.0,0.0,0.0,0.0,0.0,0.0,9.5481,41.6425,22.0155
PNHZD0000AD,PH112402089,2015-01-01,S,1.5339,4.4514,6.229,0.0,0.0,0.0,0.0,0.0,0.0,10.3754,58.3673,28.437
PNHZD0000AE,PH112402139,2015-01-01,S,19.9614,3.2489,0.0,17.7169,1.9504,0.0,12.9949,0.7811,0.0,0.0,0.0,0.0
PNHZD0000AF,PH112402192,2015-01-01,S,35.7204,30.516,2.9887,0.0,0.0,0.0,0.0,0.0,0.0,0.0,0.0,0.0
PNHZD0000B0,PH112402079,2015-01-01,S,12.6202,11.0847,1.8724,0.1297,0.3038,0.1847,0.1232,0.3001,0.0961,0.2612,0.182,0.0211
PNHZD0000B1,PH112402119,2015-01-01,S,1.7645,4.7882,7.4427,0.0,0.0,0.0,0.0,0.0,0.0,12.1911,35.9463,11.14
PNHZD0000B2,PH112402035,2015-01-01,S,4.0179,4.8316,5.6608,0.0,0.0,0.0,0.0,0.0,0.0,5.7159,5.0747,0.1638
PNHZD0000B3,PH112402102,2015-01-01,S,1.2732,4.8265,4.9334,0.0,0.0,0.0,0.0,0.0,0.0,10.4108,37.7859,17.2323
PNHZD0000B4,PH112402106,2015-01-01,S,1.0424,4.3702,5.3556,0.0,0.0,0.0,0.0,0.0,0.0,9.3757,34.3208,29.5406
PNHZD0000B5,PH112402163,2015-01-01,S,34.9148,2.0163,0.0,26.3137,0.8673,0.0,14.4367,0.2475,0.0,0.0,0.0,0.0
PNHZD0000B6,PH112402172,2015-01-01,S,25.3677,22.0383,8.6114,24.7305,11.5836,0.0,16.3535,0.2166,0.0,0.0,0.0,0.0
PNHZD0000B7,PH112402124,2015-01-01,S,10.3,5.0137,3.5991,0.0,0.0,0.0,0.0,0.0,0.0,4.1347,8.2416,0.7128
PNHZD0000B8,PH112402016,2015-01-01,S,8.835,5.7249,4.3725,6.9799,4.4644,3.3278,5.2781,3.683,2.1765,1.8625,4.6339,1.2062
PNHZD0000B9,PH112402149,2015-01-01,S,55.0847,20.261,0.0,49.7244,10.4108,0.0,28.6542,5.4213,0.0,0.0,0.0,0.0
PNHZD0000BA,PH112402015,2015-01-01,S,3.119,1.9934,4.2331,2.7402,1.9062,3.6396,2.3299,1.7211,2.7465,8.4482,19.779,9.6226
PNHZD0000BB,PH112402064,2015-01-01,S,5.3466,5.415,2.0348,0.0,0.0,0.0,0.0,0.0,0.0,4.0157,7.4623,0.5326
PNHZD0000BC,PH112402126,2015-01-01,S,11.7065,40.1408,19.4646,11.4143,39.9555,14.464,23.9869,18.9497,8.0931,0.0,0.0,0.0
PNHZD0000BD,PH112402167,2015-01-01,S,19.1034,4.2739,0.0,16.7071,2.1588,0.0,9.9407,0.6957,0.0,0.0,0.0,0.0
PNHZD0000BE,PH112402069,2015-01-01,S,3.3565,5.4491,45.3602,4.9798,4.8894,39.4271,3.7025,3.24,34.7603,6.7782,16.605,3.9578
PNHZD0000BF,PH112402181,2015-01-01,S,40.3686,15.2192,0.0,37.5911,8.0276,0.0,24.7602,2.9682,0.0,0.0,0.0,0.0
PNHZD0000C0,PH112402070,2015-01-01,S,4.7021,3.6895,2.5788,0.0544,0.0736,1.2976,0.0488,0.0627,1.0781,1.5547,3.3803,4.5227
PNHZD0000C1,PH112402098,2015-01-01,S,1.0894,4.303,6.7979,0.0,0.0,0.0,0.0,0.0,0.0,5.3558,45.8021,40.0996
PNHZD0000C2,PH112402004,2015-01-01,S,2.7446,5.7798,2.4013,0.0,0.0,0.0,0.0,0.0,0.0,7.122,10.2531,0.0
PNHZD0000C3,PH112402022,2015-01-01,S,20.1822,22.8065,4.1873,2.8118,6.1028,1.1477,2.23,5.5734,0.3343,1.0947,1.105,0.0803
PNHZD0000C4,PH112402169,2015-01-01,S,59.977,7.0958,0.0,50.9278,1.7062,0.0,29.8433,0.0,0.0,0.0,0.0,0.0
PNHZD0000C5,PH112402051,2015-01-01,S,4.6752,3.1236,4.0221,4.4979,2.9229,3.2966,4.0869,2.2529,2.5526,5.1817,11.9166,10.7538
PNHZD0000C6,PH112402005,2015-01-01,S,14.0187,17.1143,3.1323,0.0,0.0,0.0,0.0,0.0,0.0,0.1794,0.1376,0.0
PNHZD0000C7,PH112402180,2015-01-01,S,2.4494,4.9689,2.7197,0.9683,0.5411,0.2269,0.8157,0.4002,0.1236,9.9862,34.4578,34.6371
PNHZD0000C8,PH112402007,2015-01-01,S,11.2331,6.2785,1.9841,0.0,0.0,0.0,0.0,0.0,0.0,0.2767,1.1356,4.2391
PNHZD0000C9,PH112402104,2015-01-01,S,8.9469,8.8261,4.0755,7.8837,7.6291,3.4354,6.3929,5.6046,2.6788,0.8263,0.7846,0.0
PNHZD0000CA,PH112402112,2015-01-01,S,15.1066,4.1517,1.3757,0.0,0.0,0.0,0.0,0.0,0.0,0.6576,0.79,0.0012
PNHZD0000CB,PH112402182,2015-01-01,S,40.4172,0.0,0.0,1.7423,0.0,0.0,0.9709,0.0,0.0,0.0,0.0,0.0
PNHZD0000CC,PH112402113,2015-01-01,S,7.8669,2.4252,3.6188,6.6989,1.8628,3.2476,5.0279,1.1618,2.6305,1.8773,7.0773,5.4689
PNHZD0000CD,PH112402027,2015-01-01,S,2.0715,4.1816,40.4316,0.7785,0.4591,32.3143,0.6511,0.5673,30.5483,7.8665,27.6096,11.2821
PNHZD0000CE,PH112402155,2015-01-01,S,29.633,1.006,0.0,19.3124,0.3085,0.0,13.356,0.0,0.0,0.0,0.0,0.0
PNHZD0000CF,PH112402147,2015-01-01,S,29.4454,0.43,0.0,23.3436,0.1123,0.0,14.5113,0.0,0.0,0.0,0.0,0.0
PNHZD0000D0,PH112402187,2015-01-01,S,26.6865,10.4406,0.0,18.271,7.9865,0.0,10.4474,4.1265,0.0,0.0,0.0,0.0
PNHZD0000D1,PH112402177,2015-01-01,S,1.1629,3.6604,10.5439,0.0,0.0,0.0,0.0,0.0,0.0,7.4782,38.7377,30.5701
PNHZD0000D2,PH112402152,2015-01-01,S,7.8507,4.2236,32.2656,7.183,3.3476,29.3417,5.7794,9.1751,20.5594,0.1915,0.3006,0.0211
PNHZD0000D3,PH112402128,2015-01-01,S,4.7185,2.076,3.5702,4.0881,1.827,3.0887,3.2191,1.4651,2.4321,5.754,21.2315,7.1349
PNHZD0000D4,PH112402131,2015-01-01,S,11.2134,9.5246,7.7382,0.0,0.0,0.0,0.0,0.0,0.0,0.4721,1.6736,0.223
PNHZD0000D5,PH112402134,2015-01-01,S,0.183,15.1685,84.5563,7.9133,53.6562,27.6917,12.9693,4.9512,21.7066,0.0,0.0,0.0
PNHZD0000D6,PH112402037,2015-01-01,S,12.2273,6.9281,5.4919,0.0,0.0,0.0,0.0,0.0,0.0,1.9174,5.5493,0.5503
PNHZD0000D7,PH112402056,2015-01-01,S,22.4026,25.2526,14.6058,19.4176,22.8472,11.5605,15.8661,21.1266,7.5301,0.0399,0.0043,0.0
PNHZD0000D8,PH112402078,2015-01-01,S,7.6422,4.9154,9.2601,7.5023,4.8891,7.7084,5.673,4.3613,5.7808,5.2042,10.2878,1.8534
PNHZD0000D9,PH112402071,2015-01-01,S,1.0679,4.4423,3.7842,0.0,0.0,0.0,0.0,0.0,0.0,6.8422,34.562,43.5931
PNHZD0000DA,PH112402194,2015-01-01,S,4.3916,88.5786,0.0,0.0,0.0,0.0,0.0,0.0,0.0,0.0,0.0,0.0
PNHZD0000DB,PH112402136,2015-01-01,S,37.224,7.385,0.0,31.3383,0.2698,0.0,22.0082,0.0,0.0,0.0,0.0,0.0
PNHZD0000DC,PH112402146,2015-01-01,S,21.1781,0.2886,0.0,15.684,0.0391,0.0,9.1867,0.0,0.0,0.0,0.0,0.0
PNHZD0000DD,PH112402083,2015-01-01,S,2.7147,2.0887,44.0869,2.8617,2.965,40.3472,2.854,2.1137,33.0716,4.7207,18.1995,5.9615
PNHZD0000DE,PH112402034,2015-01-01,S,1.3624,4.2857,5.676,0.0,0.0,0.0,0.0,0.0,0.0,7.2592,39.8269,47.3111
PNHZD0000DF,PH112402195,2015-01-01,S,1.2105,1.2533,54.8901,1.5468,1.7191,47.7612,1.6365,1.9184,40.3825,10.0749,21.4635,3.4901
PNHZD0000E0,PH112402118,2015-01-01,S,2.8789,3.9669,4.4842,0.1112,0.0728,0.27,0.0807,0.0871,0.222,6.261,24.0037,8.0934
PNHZD0000E1,PH112402158,2015-01-01,S,42.1482,0.4195,0.0,25.0292,0.1918,0.0,11.1892,0.0,0.0,0.0,0.0,0.0
PNHZD0000E2,PH112402188,2015-01-01,S,1.2181,4.2494,4.2098,0.1622,0.0503,0.0493,0.1172,0.028,0.0346,8.4078,50.0098,28.9576
PNHZD0000E3,PH112402191,2015-01-01,S,1.7985,5.2348,5.9429,0.0,0.0,0.0,0.0,0.0,0.0,11.8483,41.2074,19.8857
PNHZD0000E4,PH112402065,2015-01-01,S,1.6136,4.8532,5.0313,0.0,0.0,0.0,0.0,0.0,0.0,9.9521,39.2828,26.9265
PNHZD0000E5,PH112402183,2015-01-01,S,0.732,4.0672,6.1306,0.0,0.0,0.0,0.0,0.0,0.0,3.7758,26.5817,61.4312
PNHZD0000E6,PH112402026,2015-01-01,S,20.1502,41.3821,15.972,0.0,0.0,0.0,0.0,0.0,0.0,0.1103,0.1256,0.0
PNHZD0000E7,PH112402062,2015-01-01,S,2.4555,7.6068,12.7322,0.0,0.0,0.0,0.0,0.0,0.0,9.2511,53.314,22.894
PNHZD0000E8,PH112402031,2015-01-01,S,7.8756,4.7907,2.8319,4.55,2.7993,1.5473,3.3097,2.1748,0.803,3.0408,4.4608,0.3422
PNHZD0000E9,PH112402017,2015-01-01,S,11.5516,6.663,0.7511,7.5291,4.8728,0.4145,6.5057,3.4325,0.1671,0.0853,0.0011,0.0
PNHZD0000EA,PH112402157,2015-01-01,S,47.2347,1.1469,0.0,30.2958,0.2505,0.0,9.3818,0.0,0.0,0.0,0.0,0.0
PNHZD0000EB,PH112402161,2015-01-01,S,48.616,4.4846,0.0,35.6407,2.1196,0.0,20.1007,0.6557,0.0,0.0,0.0,0.0
PNHZD0000EC,PH112402121,2015-01-01,S,0.785,4.0119,4.2651,0.0,0.0,0.0,0.0,0.0,0.0,6.8259,37.5204,46.5304
PNHZD0000ED,PH112402061,2015-01-01,S,8.1389,10.5207,46.8418,10.9632,12.9003,28.1115,11.6916,11.53,16.7582,3.3956,6.2038,0.1357
PNHZD0000EE,PH112402054,2015-01-01,S,7.3159,7.4215,7.0979,0.0428,0.0342,1.1622,0.0352,0.0224,1.0299,7.3464,18.8768,5.7293
PNHZD0000EF,PH112402082,2015-01-01,S,2.0516,2.2545,25.7925,2.2152,2.4702,24.4379,2.4706,4.6681,17.5345,6.6948,35.5685,17.3832
PNHZD0000F0,PH112402125,2015-01-01,S,1.1335,1.0956,63.2295,1.1852,1.4285,60.7908,1.3879,1.9704,56.3912,4.9648,10.5764,2.9179
PNHZD0000F1,PH112402020,2015-01-01,S,14.6593,23.7988,21.4353,11.665,12.2466,11.4428,10.6283,5.2267,4.0095,0.0,0.0,0.0
PNHZD0000F2,PH112402156,2015-01-01,S,13.1958,29.5401,0.0,9.4315,26.8071,0.0,22.9392,3.3568,0.0,0.0,0.0,0.0
PNHZD0000F3,PH112402059,2015-01-01,S,16.3333,11.0563,19.421,14.1658,8.9571,16.2638,6.8412,4.9498,13.0596,2.6775,5.2297,0.9079
PNHZD0000F4,PH112402175,2015-01-01,S,3.5167,4.8741,2.7425,1.9734,1.3968,1.1671,1.6351,1.2592,0.5677,12.2178,35.5712,13.155
PNHZD0000F5,PH112402044,2015-01-01,S,5.1601,2.0389,2.5758,4.4078,1.7756,2.2574,3.4068,1.5093,1.7034,10.5696,19.589,4.3204
PNHZD0000F6,PH112402052,2015-01-01,S,9.3347,10.4815,9.7676,0.0,0.0,0.0,0.0,0.0,0.0,2.8541,8.8929,4.2547
PNHZD0000F7,PH112402168,2015-01-01,S,19.8364,0.0,0.0,14.1911,0.0,0.0,6.9095,0.0,0.0,0.0,0.0,0.0
PNHZD0000F8,PH112402029,2015-01-01,S,2.0112,4.0376,5.4338,0.0,0.0,0.0,0.0,0.0,0.0,1.6429,18.8943,52.6654
PNHZD0000F9,PH112402021,2015-01-01,S,10.8435,12.4679,1.5285,6.1074,6.2073,0.8792,5.7319,4.0233,0.4693,1.5543,0.9042,0.0059
PNHZD0000FA,PH112402171,2015-01-01,S,18.1769,30.0041,0.0,18.8488,4.2458,0.0,13.6361,1.953,0.0,0.0,0.0,0.0
PNHZD0000FB,PH112402101,2015-01-01,S,11.6865,7.1463,2.0632,0.0,0.0,0.0,0.0,0.0,0.0,0.9621,0.6077,0.0
PNHZD0000FC,PH112402003,2015-01-01,S,9.0192,11.5161,22.7696,8.5923,10.0824,19.1296,6.5372,8.5732,12.6415,2.5618,8.212,1.9728
PNHZD0000FD,PH112402123,2015-01-01,S,6.6511,2.6227,4.4781,4.2385,1.0563,1.772,2.6925,0.9098,1.2441,2.5626,7.3421,0.9356
PNHZD0000FE,PH112402086,2015-01-01,S,19.1491,5.9885,2.0265,0.0,0.0,0.0,0.0,0.0,0.0,0.0,0.0,0.0
PNHZD0000FF,PH112402045,2015-01-01,S,1.8588,4.6053,7.2593,0.0,0.0,0.044,0.0,0.0007,0.0422,15.1417,57.3041,16.2444
PNHZD000100,PH112402066,2015-01-01,S,7.9615,7.3961,3.211,0.0,0.0,0.0,0.0,0.0,0.0,4.415,9.3935,1.5707
PNHZD000101,PH112402080,2015-01-01,S,1.9142,5.8179,4.9186,0.0,0.0,0.0,0.0,0.0,0.0,13.0554,19.9033,1.3556
PNHZD000102,PH112402057,2015-01-01,S,9.3443,46.487,39.1457,11.0662,53.954,27.5682,14.1124,57.9885,15.975,0.0243,0.0,0.0
PNHZD000103,PH112402042,2015-01-01,S,2.2526,6.3473,11.8295,0.0,0.0,0.0,0.0,0.0,0.0,10.5731,32.0221,13.4753
PNHZD000104,PH112402154,2015-01-01,S,26.4271,0.0,0.0,17.5097,0.0,0.0,8.2129,0.0,0.0,0.0,0.0,0.0
PNHZD000105,PH112402002,2015-01-01,S,34.2972,7.0816,0.0,27.3076,3.1768,0.0,14.0469,1.4474,0.0,0.0,0.0,0.0
PNHZD000106,PH112402150,2015-01-01,S,54.6949,30.5795,0.0,55.07,16.8672,0.0,43.964,4.9279,0.0,0.0,0.0,0.0
PNHZD000107,PH112402151,2015-01-01,S,39.7245,15.4015,0.0,35.8334,8.8739,0.0,23.6517,4.1578,0.0,0.0,0.0,0.0
PNHZD000108,PH112402012,2015-01-01,S,9.6568,1.9036,2.3098,0.3847,0.2547,2.1615,0.2698,0.3371,1.8408,0.965,1.2702,0.01
PNHZD000109,PH112402184,2015-01-01,S,1.5579,4.7427,4.1458,0.0,0.0,0.0,0.0,0.0,0.0,14.0932,43.167,12.0062
PNHZD00010A,PH112402099,2015-01-01,S,1.0531,3.8488,5.4994,0.0199,0.0545,0.0185,0.0268,0.0434,0.0125,10.7512,40.3862,29.0871
PNHZD00010B,PH112402127,2015-01-01,S,10.862,9.8915,10.5469,0.222,0.1596,0.0344,0.1796,0.1205,0.0177,0.3276,0.6123,0.0404
PNHZD00010C,PH112402074,2015-01-01,S,28.9504,17.7195,2.4352,29.2521,13.1161,2.0956,22.2523,7.62,1.3988,0.0,0.0,0.0
PNHZD00010D,PH112402185,2015-01-01,S,43.9076,10.7324,0.0,35.2049,4.9264,0.0,13.5203,2.4986,0.0,0.0,0.0,0.0
PNHZD00010E,PH112402117,2015-01-01,S,15.9458,8.5977,2.1585,0.0,0.0,0.0,0.0,0.0,0.0,0.2014,0.0562,0.0
PNHZD00010F,PH112402014,2015-01-01,S,3.8355,3.8417,9.9383,3.5592,3.5537,8.7902,3.1605,3.0177,7.2099,6.1125,15.7311,5.599
PNHZD000110,PH112402114,2015-01-01,S,3.5345,1.7876,3.3407,3.1401,1.6224,2.92,2.7225,1.409,2.2511,7.7114,17.5454,6.1992
PNHZD000111,PH112402145,2015-01-01,S,27.4948,3.5997,0.0,20.2172,2.6713,0.0,12.3657,0.5753,0.0,0.0,0.0,0.0
PNHZD000112,PH112402087,2015-01-01,S,6.2331,14.1211,7.4622,0.0,0.0,0.0,0.0,0.0,0.0,4.8216,4.5001,0.411
PNHZD000113,PH112402153,2015-01-01,S,34.2313,16.2751,0.0173,32.5864,11.0941,0.0,24.4427,5.53,0.0,0.0,0.0,0.0
PNHZD000114,PH112402075,2015-01-01,S,15.781,27.1741,4.9778,16.8507,17.1746,3.8976,15.5182,10.6162,2.9095,2.8075,5.9702,0.1604
PNHZD000115,PH112402006,2015-01-01,S,17.703,10.727,0.9939,0.0,0.0,0.0,0.0,0.0,0.0,0.0,0.0,0.0
PNHZD000116,PH112402197,2015-01-01,S,11.3818,15.9118,3.3182,0.0,0.0,0.0,0.0,0.0,0.0,0.0,0.0,0.0
PNHZD000117,PH112402170,2015-01-01,S,27.1296,0.2461,0.0,19.3792,0.0,0.0,9.4944,0.0,0.0,0.0,0.0,0.0
PNHZD000118,PH063022084,2015-01-01,S,4.5929,0.0,0.0,0.0,0.0,0.0,0.0,0.0,0.0,0.0,0.0,0.0
PNHZD000119,PH063022081,2015-01-01,S,0.2306,0.0,0.0,0.0,0.0,0.0,0.0,0.0,0.0,0.0,0.0,0.0
PNHZD00011A,PH063022178,2015-01-01,S,29.7513,4.5013,0.0184,0.0,0.0,0.0,0.0,0.0,0.0,0.0,0.0,0.0
PNHZD00011B,PH063022189,2015-01-01,S,47.5593,0.0,0.0,0.0,0.0,0.0,0.0,0.0,0.0,0.0,0.0,0.0
PNHZD00011C,PH063022064,2015-01-01,S,23.4089,6.7519,0.0675,0.0,0.0,0.0,0.0,0.0,0.0,0.0,0.0,0.0
PNHZD00011D,PH063022033,2015-01-01,S,25.0255,17.3343,12.1486,0.0,0.0,0.0,0.0,0.0,0.0,0.0,0.0,0.0
PNHZD00011E,PH063022080,2015-01-01,S,10.1952,0.0,0.0,0.0,0.0,0.0,0.0,0.0,0.0,0.0,0.0,0.0
PNHZD00011F,PH063022097,2015-01-01,S,0.0,0.0,0.0,0.0,0.0,0.0,0.0,0.0,0.0,0.0,0.0,0.0
PNHZD000120,PH063022154,2015-01-01,S,59.0747,0.0,0.0,0.0,0.0,0.0,0.0,0.0,0.0,0.0,0.0,0.0
PNHZD000121,PH063022041,2015-01-01,S,14.8414,49.5741,2.2795,0.0,0.0,0.0,0.0,0.0,0.0,0.0,0.0,0.0
PNHZD000122,PH063022186,2015-01-01,S,19.9299,0.0,0.0,0.0,0.0,0.0,0.0,0.0,0.0,0.0,0.0,0.0
PNHZD000123,PH063022161,2015-01-01,S,5.45,4.5901,11.1989,0.0,0.0,0.0,0.0,0.0,0.0,0.0,0.0,0.0
PNHZD000124,PH063022023,2015-01-01,S,31.1196,29.0971,13.6106,0.0,0.0,0.0,0.0,0.0,0.0,0.0,0.0,0.0
PNHZD000125,PH063022060,2015-01-01,S,12.8742,37.6533,0.0,0.0,0.0,0.0,0.0,0.0,0.0,0.0,0.0,0.0
PNHZD000126,PH063022159,2015-01-01,S,2.5671,4.9436,1.2902,0.0,0.0,0.0,0.0,0.0,0.0,0.0,0.0,0.0
PNHZD000127,PH063022181,2015-01-01,S,2.1984,25.1513,0.0,0.0,0.0,0.0,0.0,0.0,0.0,0.0,0.0,0.0
PNHZD000128,PH063022011,2015-01-01,S,30.9421,5.6839,0.0,9.3246,1.5699,0.0,0.0,0.0,0.0,0.0,0.0,0.0
PNHZD000129,PH063022043,2015-01-01,S,34.4802,0.0,0.0,0.0,0.0,0.0,0.0,0.0,0.0,0.0,0.0,0.0
PNHZD00012A,PH063022177,2015-01-01,S,17.4701,51.6058,23.4293,0.0,0.0,0.0,0.0,0.0,0.0,0.3195,0.1566,0.1339
PNHZD00012B,PH063022115,2015-01-01,S,8.858,65.2549,0.0,0.0,0.0,0.0,0.0,0.0,0.0,0.0,0.0,0.0
PNHZD00012C,PH063022071,2015-01-01,S,2.3075,0.0,0.0,0.0,0.0,0.0,0.0,0.0,0.0,0.0,0.0,0.0
PNHZD00012D,PH063022188,2015-01-01,S,0.0,0.0,0.0,0.0,0.0,0.0,0.0,0.0,0.0,0.0,0.0,0.0
PNHZD00012E,PH063022045,2015-01-01,S,98.9989,1.0011,0.0,0.0,0.0,0.0,0.0,0.0,0.0,0.0,0.0,0.0
PNHZD00012F,PH063022168,2015-01-01,S,27.8334,13.6986,6.1494,0.0,0.0,0.0,0.0,0.0,0.0,0.0,0.0,0.0
PNHZD000130,PH063022069,2015-01-01,S,96.945,3.055,0.0,0.0,0.0,0.0,0.0,0.0,0.0,0.0,0.0,0.0
PNHZD000131,PH063022169,2015-01-01,S,12.3517,0.0,0.0,0.0,0.0,0.0,0.0,0.0,0.0,0.0,0.0,0.0
PNHZD000132,PH063022124,2015-01-01,S,30.4188,15.205,4.0502,0.0,0.0,0.0,0.0,0.0,0.0,0.0,0.0,0.0
PNHZD000133,PH063022091,2015-01-01,S,0.0,0.0,0.0,0.0,0.0,0.0,0.0,0.0,0.0,0.0,0.0,0.0
PNHZD000134,PH063022139,2015-01-01,S,0.0,0.0,0.0,0.0,0.0,0.0,0.0,0.0,0.0,0.0,0.0,0.0
PNHZD000135,PH063022117,2015-01-01,S,4.6037,35.9562,0.0,0.0,0.0,0.0,0.0,0.0,0.0,0.0,0.0,0.0
PNHZD000136,PH063022121,2015-01-01,S,0.0,0.0,0.0,0.0,0.0,0.0,0.0,0.0,0.0,0.0,0.0,0.0
PNHZD000137,PH063022062,2015-01-01,S,91.3426,8.6574,0.0,0.0,0.0,0.0,0.0,0.0,0.0,0.0,0.0,0.0
PNHZD000138,PH063022170,2015-01-01,S,2.6519,5.076,8.2368,0.0,0.0,0.0,0.0,0.0,0.0,0.0,0.0,0.0
PNHZD000139,PH063022093,2015-01-01,S,2.1253,1.4737,1.9112,0.0,0.0,0.0,0.0,0.0,0.0,0.0,0.0,0.0
PNHZD00013A,PH063022157,2015-01-01,S,33.5017,0.0001,0.0,0.0,0.0,0.0,0.0,0.0,0.0,0.0,0.0,0.0
PNHZD00013B,PH063022073,2015-01-01,S,6.6551,14.4772,0.0,0.0,0.0,0.0,0.0,0.0,0.0,0.0,0.0,0.0
PNHZD00013C,PH063022106,2015-01-01,S,16.519,5.7946,5.1811,0.0,0.0,0.0,0.0,0.0,0.0,0.0,0.0,0.0
PNHZD00013D,PH063022171,2015-01-01,S,11.9093,69.1427,0.2262,0.0,0.0,0.0,0.0,0.0,0.0,0.0,0.0,0.0
PNHZD00013E,PH063022094,2015-01-01,S,18.6451,32.347,0.0,0.0,0.0,0.0,0.0,0.0,0.0,0.0,0.0,0.0
PNHZD00013F,PH063022021,2015-01-01,S,14.2915,29.7695,1.5219,0.0,0.0,0.0,0.0,0.0,0.0,0.0,0.0,0.0
PNHZD000140,PH063022005,2015-01-01,S,21.7056,6.2314,0.0,0.0,0.0,0.0,0.0,0.0,0.0,0.0,0.0,0.0
PNHZD000141,PH063022156,2015-01-01,S,16.6427,20.6568,0.0,0.0,0.0,0.0,0.0,0.0,0.0,0.0,0.0,0.0
PNHZD000142,PH063022201,2015-01-01,S,23.9727,22.1765,1.9956,0.0,0.0,0.0,0.0,0.0,0.0,0.0,0.0,0.0
PNHZD000143,PH063022022,2015-01-01,S,0.0,0.0,0.0,0.0,0.0,0.0,0.0,0.0,0.0,0.0,0.0,0.0
PNHZD000144,PH063022025,2015-01-01,S,35.2398,17.8684,0.4232,0.0,0.0,0.0,0.0,0.0,0.0,0.0,0.0,0.0
PNHZD000145,PH063022001,2015-01-01,S,25.8786,54.5935,4.1819,0.0,0.0,0.0,0.0,0.0,0.0,0.0,0.0,0.0
PNHZD000146,PH063022126,2015-01-01,S,0.0,0.0,0.0,0.0,0.0,0.0,0.0,0.0,0.0,0.0,0.0,0.0
PNHZD000147,PH063022137,2015-01-01,S,0.0004,0.0,0.0,0.0,0.0,0.0,0.0,0.0,0.0,0.0,0.0,0.0
PNHZD000148,PH063022118,2015-01-01,S,2.0579,2.2844,0.0,0.0,0.0,0.0,0.0,0.0,0.0,0.0,0.0,0.0
PNHZD000149,PH063022015,2015-01-01,S,36.1188,7.2964,0.0,0.0,0.0,0.0,0.0,0.0,0.0,0.0,0.0,0.0
PNHZD00014A,PH063022152,2015-01-01,S,20.2246,7.4634,3.4572,0.0,0.0,0.0,0.0,0.0,0.0,0.0,0.0,0.0
PNHZD00014B,PH063022040,2015-01-01,S,28.9894,39.6262,0.0,0.0,0.0,0.0,0.0,0.0,0.0,0.0,0.0,0.0
PNHZD00014C,PH063022020,2015-01-01,S,2.9499,26.1342,0.0,0.0,0.0,0.0,0.0,0.0,0.0,0.0,0.0,0.0
PNHZD00014D,PH063022109,2015-01-01,S,18.088,79.6367,2.2753,0.0,0.0,0.0,0.0,0.0,0.0,0.0,0.0,0.0
PNHZD00014E,PH063022110,2015-01-01,S,8.3065,11.1651,0.0,0.0,0.0,0.0,0.0,0.0,0.0,0.0,0.0,0.0
PNHZD00014F,PH063022149,2015-01-01,S,40.43,0.852,0.0,0.0,0.0,0.0,0.0,0.0,0.0,0.0,0.0,0.0
PNHZD000150,PH063022052,2015-01-01,S,30.5713,18.9763,0.0,0.0,0.0,0.0,0.0,0.0,0.0,0.0,0.0,0.0
PNHZD000151,PH063022138,2015-01-01,S,0.0,0.0,0.0,0.0,0.0,0.0,0.0,0.0,0.0,0.0,0.0,0.0
PNHZD000152,PH063022176,2015-01-01,S,7.3194,25.3188,0.0,0.0,0.0,0.0,0.0,0.0,0.0,0.0,0.0,0.0
PNHZD000153,PH063022179,2015-01-01,S,44.618,5.4978,0.0309,14.9785,2.1822,0.009,0.0,0.0,0.0,0.0,0.0,0.0
PNHZD000154,PH063022054,2015-01-01,S,0.0,0.0,0.0,0.0,0.0,0.0,0.0,0.0,0.0,0.0,0.0,0.0
PNHZD000155,PH063022092,2015-01-01,S,2.1888,17.275,0.0,0.0,0.0,0.0,0.0,0.0,0.0,0.0,0.0,0.0
PNHZD000156,PH063022132,2015-01-01,S,3.7122,35.7243,0.0,0.0,0.0,0.0,0.0,0.0,0.0,0.0,0.0,0.0
PNHZD000157,PH063022085,2015-01-01,S,2.1888,16.8737,0.0,0.0,0.0,0.0,0.0,0.0,0.0,0.0,0.0,0.0
PNHZD000158,PH063022160,2015-01-01,S,11.6122,21.7429,5.6348,0.0,0.0,0.0,0.0,0.0,0.0,0.0,0.0,0.0
PNHZD000159,PH063022134,2015-01-01,S,26.5683,0.0,0.0,0.0,0.0,0.0,0.0,0.0,0.0,0.0,0.0,0.0
PNHZD00015A,PH063022035,2015-01-01,S,36.8069,36.9953,0.0,0.0,0.0,0.0,0.0,0.0,0.0,0.0,0.0,0.0
PNHZD00015B,PH063022029,2015-01-01,S,3.0146,9.7126,0.0,0.0,0.0,0.0,0.0,0.0,0.0,0.0,0.0,0.0
PNHZD00015C,PH063022194,2015-01-01,S,23.8791,21.4584,8.1122,0.0,0.0,0.0,0.0,0.0,0.0,0.0,0.0,0.0
PNHZD00015D,PH063022144,2015-01-01,S,33.0669,23.707,0.983,0.0,0.0,0.0,0.0,0.0,0.0,0.0,0.0,0.0
PNHZD00015E,PH063022095,2015-01-01,S,26.5183,0.0,0.0,0.0,0.0,0.0,0.0,0.0,0.0,0.0,0.0,0.0
PNHZD00015F,PH063022164,2015-01-01,S,48.119,15.0677,0.0,0.0,0.0,0.0,0.0,0.0,0.0,0.0857,0.001,0.047
PNHZD000160,PH063022158,2015-01-01,S,11.1391,31.0415,0.0,0.0,0.0,0.0,0.0,0.0,0.0,0.0,0.0,0.0
PNHZD000161,PH063022197,2015-01-01,S,19.6122,0.0,0.0,0.0,0.0,0.0,0.0,0.0,0.0,0.0,0.0,0.0
PNHZD000162,PH063022114,2015-01-01,S,23.4738,17.8618,16.405,0.0,0.0,0.0,0.0,0.0,0.0,0.0,0.0,0.0
PNHZD000163,PH063022183,2015-01-01,S,15.3738,7.729,0.9358,0.0,0.0,0.0,0.0,0.0,0.0,0.0,0.0,0.0
PNHZD000164,PH063022099,2015-01-01,S,11.1885,1.0019,0.0,0.0,0.0,0.0,0.0,0.0,0.0,0.0,0.0,0.0
PNHZD000165,PH063022077,2015-01-01,S,2.6962,4.1096,2.2229,0.0,0.0,0.0,0.0,0.0,0.0,0.0,0.0,0.0
PNHZD000166,PH063022123,2015-01-01,S,21.2215,0.0,0.0,0.0,0.0,0.0,0.0,0.0,0.0,0.0,0.0,0.0
PNHZD000167,PH063022150,2015-01-01,S,2.2906,0.8211,0.0,0.0,0.0,0.0,0.0,0.0,0.0,0.0,0.0,0.0
PNHZD000168,PH063022122,2015-01-01,S,0.0,0.0,0.0,0.0,0.0,0.0,0.0,0.0,0.0,0.0,0.0,0.0
PNHZD000169,PH063022038,2015-01-01,S,17.7836,11.3369,0.0,0.0,0.0,0.0,0.0,0.0,0.0,0.0,0.0,0.0
PNHZD00016A,PH063022196,2015-01-01,S,9.3894,0.4496,0.0,0.0,0.0,0.0,0.0,0.0,0.0,0.0,0.0,0.0
PNHZD00016B,PH063022167,2015-01-01,S,1.7585,17.3055,2.5105,0.0,0.0,0.0,0.0,0.0,0.0,0.0,0.0,0.0
PNHZD00016C,PH063022182,2015-01-01,S,93.29,5.3878,0.0,0.0,0.0,0.0,0.0,0.0,0.0,0.0,0.0,0.0
PNHZD00016D,PH063022034,2015-01-01,S,75.7493,0.0,0.0,0.0,0.0,0.0,0.0,0.0,0.0,0.0,0.0,0.0
PNHZD00016E,PH063022074,2015-01-01,S,55.2678,28.6991,0.0,0.0,0.0,0.0,0.0,0.0,0.0,0.0,0.0,0.0
PNHZD00016F,PH063022014,2015-01-01,S,52.3844,1.8292,0.0,0.0,0.0,0.0,0.0,0.0,0.0,0.0,0.0,0.0
PNHZD000170,PH063022030,2015-01-01,S,26.2991,5.5013,0.1518,0.0,0.0,0.0,0.0,0.0,0.0,0.176,0.3757,0.1409
PNHZD000171,PH063022024,2015-01-01,S,5.4607,50.2752,40.8399,0.0,0.0,0.0,0.0,0.0,0.0,0.0,0.0,0.0784
PNHZD000172,PH063022199,2015-01-01,S,45.7552,20.5581,2.0465,0.0,0.0,0.0,0.0,0.0,0.0,0.0,0.0,0.0
PNHZD000173,PH063022175,2015-01-01,S,11.4076,40.1691,24.2363,0.0,0.0,0.0,0.0,0.0,0.0,0.0,0.0,0.0
PNHZD000174,PH063022119,2015-01-01,S,17.5687,23.7319,0.0,0.0,0.0,0.0,0.0,0.0,0.0,0.0,0.0,0.0
PNHZD000175,PH063022112,2015-01-01,S,18.5192,2.5841,0.0115,0.0,0.0,0.0,0.0,0.0,0.0,0.0,0.0,0.0
PNHZD000176,PH063022048,2015-01-01,S,9.2097,38.3432,0.0,0.0,0.0,0.0,0.0,0.0,0.0,0.0,0.0,0.0
PNHZD000177,PH063022018,2015-01-01,S,2.1085,3.7556,2.9952,0.0,0.0,0.0,0.0,0.0,0.0,0.0,0.0,0.0
PNHZD000178,PH063022068,2015-01-01,S,6.6656,33.188,51.3267,0.0,0.0,0.0,0.0,0.0,0.0,0.0,0.0,0.0035
PNHZD000179,PH063022108,2015-01-01,S,0.0,0.0,0.0,0.0,0.0,0.0,0.0,0.0,0.0,0.0,0.0,0.0
PNHZD00017A,PH063022125,2015-01-01,S,0.0,0.0,0.0,0.0,0.0,0.0,0.0,0.0,0.0,0.0,0.0,0.0
PNHZD00017B,PH063022174,2015-01-01,S,18.1373,15.2473,0.0,0.0,0.0,0.0,0.0,0.0,0.0,0.0,0.0,0.0
PNHZD00017C,PH063022105,2015-01-01,S,21.4077,23.0018,0.0,0.0,0.0,0.0,0.0,0.0,0.0,0.0,0.0,0.0
PNHZD00017D,PH063022098,2015-01-01,S,12.6778,71.365,15.9572,0.0,0.0,0.0,0.0,0.0,0.0,0.0,0.0,0.0
PNHZD00017E,PH063022053,2015-01-01,S,19.7906,21.2979,0.0,0.0,0.0,0.0,0.0,0.0,0.0,0.0,0.0,0.0
PNHZD00017F,PH063022010,2015-01-01,S,14.0214,62.6562,17.6983,0.0,0.0,0.0,0.0,0.0,0.0,0.0,0.0,0.0251
PNHZD000180,PH063022116,2015-01-01,S,0.0,0.0,0.0,0.0,0.0,0.0,0.0,0.0,0.0,0.0,0.0,0.0
PNHZD000181,PH063022079,2015-01-01,S,26.452,0.0,0.0,0.0,0.0,0.0,0.0,0.0,0.0,0.0,0.0,0.0
PNHZD000182,PH063022055,2015-01-01,S,75.8393,10.9515,0.0,0.0,0.0,0.0,0.0,0.0,0.0,0.0,0.0,0.0
PNHZD000183,PH063022042,2015-01-01,S,0.5028,14.1864,0.0,0.0,0.0,0.0,0.0,0.0,0.0,0.0,0.0,0.0
PNHZD000184,PH063022127,2015-01-01,S,22.3137,10.0501,0.0,0.0,0.0,0.0,0.0,0.0,0.0,0.0,0.0,0.0
PNHZD000185,PH063022187,2015-01-01,S,27.1751,34.1941,3.0299,0.0,0.0,0.0,0.0,0.0,0.0,0.0,0.0,0.0
PNHZD000186,PH063022063,2015-01-01,S,1.1334,3.8093,0.1738,0.0,0.0,0.0,0.0,0.0,0.0,0.0,0.0,0.0
PNHZD000187,PH063022148,2015-01-01,S,37.2264,21.6728,0.0,0.0,0.0,0.0,0.0,0.0,0.0,0.0,0.0,0.0
PNHZD000188,PH063022155,2015-01-01,S,4.081,45.665,0.0,0.0,0.0,0.0,0.0,0.0,0.0,0.0,0.0,0.0
PNHZD000189,PH063022165,2015-01-01,S,22.1638,62.9512,0.7349,0.0,0.0,0.0,0.0,0.0,0.0,0.0,0.0,0.0
PNHZD00018A,PH063022032,2015-01-01,S,13.7388,12.6558,0.0,0.0,0.0,0.0,0.0,0.0,0.0,0.0,0.0,0.0
PNHZD00018B,PH063022012,2015-01-01,S,3.915,5.6802,0.0,0.0,0.0,0.0,0.0,0.0,0.0,0.0,0.0,0.0
PNHZD00018C,PH063022131,2015-01-01,S,3.3435,38.2817,0.0,0.0,0.0,0.0,0.0,0.0,0.0,0.0,0.0,0.0
PNHZD00018D,PH063022102,2015-01-01,S,0.0,0.0,0.0,0.0,0.0,0.0,0.0,0.0,0.0,0.0,0.0,0.0
PNHZD00018E,PH063022172,2015-01-01,S,6.1954,9.6849,0.0,0.0,0.0,0.0,0.0,0.0,0.0,0.0,0.0,0.0
PNHZD00018F,PH063022008,2015-01-01,S,0.8142,0.0,0.0,0.0,0.0,0.0,0.0,0.0,0.0,0.0,0.0,0.0
PNHZD000190,PH063022078,2015-01-01,S,65.073,0.8914,0.0,0.0,0.0,0.0,0.0,0.0,0.0,0.0,0.0,0.0
PNHZD000191,PH063022193,2015-01-01,S,1.7456,11.2823,0.0,0.0,0.0,0.0,0.0,0.0,0.0,0.0,0.0,0.0
PNHZD000192,PH063022006,2015-01-01,S,2.6118,0.0,0.0,0.0,0.0,0.0,0.0,0.0,0.0,0.0,0.0,0.0
PNHZD000193,PH063022016,2015-01-01,S,15.0465,71.4732,6.9665,0.0,0.0,0.0,0.0,0.0,0.0,0.0,0.0,0.0
PNHZD000194,PH063022026,2015-01-01,S,26.383,14.5256,4.2828,20.9134,10.9906,3.3432,0.0,0.0,0.0,0.0,0.0,0.0
PNHZD000195,PH063022028,2015-01-01,S,25.6413,0.8786,0.0,0.0,0.0,0.0,0.0,0.0,0.0,0.0,0.0,0.0
PNHZD000196,PH063022140,2015-01-01,S,17.5584,0.0,0.0,0.0,0.0,0.0,0.0,0.0,0.0,0.0,0.0,0.0
PNHZD000197,PH063022113,2015-01-01,S,3.6932,32.0057,0.0,0.0,0.0,0.0,0.0,0.0,0.0,0.0,0.0,0.0
PNHZD000198,PH063022191,2015-01-01,S,16.3677,25.0461,0.0,0.0,0.0,0.0,0.0,0.0,0.0,0.0,0.0,0.0
PNHZD000199,PH063022047,2015-01-01,S,17.9504,27.5678,0.0,0.0,0.0,0.0,0.0,0.0,0.0,0.0,0.0,0.0
PNHZD00019A,PH063022136,2015-01-01,S,0.0,0.0,0.0,0.0,0.0,0.0,0.0,0.0,0.0,0.0,0.0,0.0
PNHZD00019B,PH063022096,2015-01-01,S,58.5463,0.0,0.0,0.0,0.0,0.0,0.0,0.0,0.0,0.0,0.0,0.0
PNHZD00019C,PH063022089,2015-01-01,S,2.5282,42.5858,0.0,0.0,0.0,0.0,0.0,0.0,0.0,0.0,0.0,0.0
PNHZD00019D,PH063022100,2015-01-01,S,0.0,0.0,0.0,0.0,0.0,0.0,0.0,0.0,0.0,0.0,0.0,0.0
PNHZD00019E,PH063022090,2015-01-01,S,63.1444,13.9161,0.0,0.0,0.0,0.0,0.0,0.0,0.0,0.0,0.0,0.0
PNHZD00019F,PH063022003,2015-01-01,S,17.1293,1.4974,0.0,0.0,0.0,0.0,0.0,0.0,0.0,0.0,0.0,0.0
PNHZD0001A0,PH063022195,2015-01-01,S,19.4649,0.0,0.0,0.0,0.0,0.0,0.0,0.0,0.0,0.0,0.0,0.0
PNHZD0001A1,PH063022104,2015-01-01,S,95.8058,0.0,0.0,0.0,0.0,0.0,0.0,0.0,0.0,0.0,0.0,0.0
PNHZD0001A2,PH063022051,2015-01-01,S,29.4837,28.7813,0.0,0.0,0.0,0.0,0.0,0.0,0.0,0.0,0.0,0.0
PNHZD0001A3,PH063022065,2015-01-01,S,13.4167,1.0493,0.0,0.0,0.0,0.0,0.0,0.0,0.0,0.0,0.0,0.0
PNHZD0001A4,PH063022128,2015-01-01,S,19.1117,6.2372,0.0,0.0,0.0,0.0,0.0,0.0,0.0,0.0,0.0,0.0
PNHZD0001A5,PH063022076,2015-01-01,S,22.3395,0.0,0.0,0.0,0.0,0.0,0.0,0.0,0.0,0.0,0.0,0.0
PNHZD0001A6,PH063022056,2015-01-01,S,19.1383,0.0,0.0,0.0,0.0,0.0,0.0,0.0,0.0,0.0,0.0,0.0
PNHZD0001A7,PH063022019,2015-01-01,S,18.2899,10.5186,0.8411,3.2481,1.3179,0.0,0.0,0.0,0.0,0.0,0.0,0.0
PNHZD0001A8,PH063022129,2015-01-01,S,36.5465,0.0,0.0,0.0,0.0,0.0,0.0,0.0,0.0,0.0,0.0,0.0
PNHZD0001A9,PH063022173,2015-01-01,S,2.8829,68.0329,0.0,0.0,0.0,0.0,0.0,0.0,0.0,0.0,0.0,0.0
PNHZD0001AA,PH063022087,2015-01-01,S,13.1782,18.9822,0.0,0.0,0.0,0.0,0.0,0.0,0.0,0.0,0.0,0.0
PNHZD0001AB,PH063022101,2015-01-01,S,1.6499,0.0,0.0,0.0,0.0,0.0,0.0,0.0,0.0,0.0,0.0,0.0
PNHZD0001AC,PH063022086,2015-01-01,S,46.2949,10.8327,0.2629,3.8811,0.9219,0.2477,0.0,0.0,0.0,0.0,0.0,0.0
PNHZD0001AD,PH063022050,2015-01-01,S,27.4146,22.0486,0.0,0.0,0.0,0.0,0.0,0.0,0.0,0.0,0.0,0.0
PNHZD0001AE,PH063022200,2015-01-01,S,79.9217,11.9969,0.0,0.0,0.0,0.0,0.0,0.0,0.0,0.0,0.0,0.0
PNHZD0001AF,PH063022135,2015-01-01,S,27.2549,70.1785,2.5666,0.0,0.0,0.0,0.0,0.0,0.0,0.0,0.0,0.0
PNHZD0001B0,PH063022017,2015-01-01,S,8.9881,0.5748,0.0,0.0,0.0,0.0,0.0,0.0,0.0,0.0,0.0,0.0
PNHZD0001B1,PH063022120,2015-01-01,S,18.2992,0.0034,0.0,0.0,0.0,0.0,0.0,0.0,0.0,0.0,0.0,0.0
PNHZD0001B2,PH063022007,2015-01-01,S,2.3936,25.5842,0.0,0.0,0.0,0.0,0.0,0.0,0.0,0.0,0.0,0.0
PNHZD0001B3,PH063022192,2015-01-01,S,21.9017,30.4561,0.0,0.0,0.0,0.0,0.0,0.0,0.0,0.0,0.0,0.0
PNHZD0001B4,PH063022049,2015-01-01,S,46.6477,30.6458,0.0,0.0,0.0,0.0,0.0,0.0,0.0,0.0,0.0,0.0
PNHZD0001B5,PH063022031,2015-01-01,S,4.3877,16.4411,0.0,0.0,0.0,0.0,0.0,0.0,0.0,0.0,0.0,0.0
PNHZD0001B6,PH063022107,2015-01-01,S,0.0,0.0,0.0,0.0,0.0,0.0,0.0,0.0,0.0,0.0,0.0,0.0
PNHZD0001B7,PH063022044,2015-01-01,S,0.3078,0.8279,0.3444,0.0,0.0,0.0,0.0,0.0,0.0,0.0,0.0,0.0
PNHZD0001B8,PH063022067,2015-01-01,S,24.5958,7.4946,0.8264,0.0,0.0,0.0,0.0,0.0,0.0,0.0,0.0,0.0
PNHZD0001B9,PH063022072,2015-01-01,S,16.2127,21.9653,5.2104,0.0,0.0,0.0,0.0,0.0,0.0,0.0,0.0,0.0048
PNHZD0001BA,PH063022070,2015-01-01,S,3.3315,42.6144,0.0,0.0,0.0,0.0,0.0,0.0,0.0,0.0,0.0,0.0
PNHZD0001BB,PH063022198,2015-01-01,S,40.0686,15.5087,0.0,0.0,0.0,0.0,0.0,0.0,0.0,0.0,0.0,0.0
PNHZD0001BC,PH063022133,2015-01-01,S,0.2228,0.0,0.0,0.0,0.0,0.0,0.0,0.0,0.0,0.0,0.0,0.0
PNHZD0001BD,PH063022103,2015-01-01,S,43.032,10.3909,2.6085,0.0,0.0,0.0,0.0,0.0,0.0,0.0,0.0,0.0
PNHZD0001BE,PH063022004,2015-01-01,S,14.4382,32.2073,0.0,0.0,0.0,0.0,0.0,0.0,0.0,0.0,0.0,0.0
PNHZD0001BF,PH063022036,2015-01-01,S,19.9699,4.4452,1.2575,0.0,0.0,0.0,0.0,0.0,0.0,0.0,0.0,0.0
PNHZD0001C0,PH063022163,2015-01-01,S,27.8979,8.9021,8.2193,0.0,0.0,0.0,0.0,0.0,0.0,0.0,0.0,0.0
PNHZD0001C1,PH063022009,2015-01-01,S,66.5044,17.4657,2.4718,0.0,0.0,0.0,0.0,0.0,0.0,0.0,0.0,0.0
PNHZD0001C2,PH063022166,2015-01-01,S,37.2651,30.7709,0.0,0.0,0.0,0.0,0.0,0.0,0.0,0.0246,0.0236,0.0852
PNHZD0001C3,PH063022151,2015-01-01,S,28.3315,36.0963,5.4075,0.0,0.0,0.0,0.0,0.0,0.0,0.0,0.0,0.0
PNHZD0001C4,PH063022046,2015-01-01,S,36.5106,0.008,0.0,0.0,0.0,0.0,0.0,0.0,0.0,0.0,0.0,0.0
PNHZD0001C5,PH063022061,2015-01-01,S,0.0,0.0,0.0,0.0,0.0,0.0,0.0,0.0,0.0,0.0,0.0,0.0
PNHZD0001C6,PH063022146,2015-01-01,S,14.964,11.4074,0.0,0.0,0.0,0.0,0.0,0.0,0.0,0.0,0.0,0.0
PNHZD0001C7,PH063022185,2015-01-01,S,0.0301,0.0,0.0,0.0,0.0,0.0,0.0,0.0,0.0,0.0,0.0,0.0
PNHZD0001C8,PH063022202,2015-01-01,S,4.1509,11.5002,0.0,0.0,0.0,0.0,0.0,0.0,0.0,0.0,0.0,0.0
PNHZD0001C9,PH063022088,2015-01-01,S,8.5568,29.6323,0.0,0.0,0.0,0.0,0.0,0.0,0.0,0.0,0.0,0.0
PNHZD0001CA,PH063022057,2015-01-01,S,59.1185,0.0,0.0,0.0,0.0,0.0,0.0,0.0,0.0,0.0,0.0,0.0
PNHZD0001CB,PH063022075,2015-01-01,S,100.0,0.0,0.0,0.0,0.0,0.0,0.0,0.0,0.0,0.0,0.0,0.0
PNHZD0001CC,PH083747022,2015-01-01,S,10.2333,11.8293,3.5283,2.287,5.0212,1.4629,2.3603,4.0749,0.5511,6.9722,28.6968,22.9165
PNHZD0001CD,PH083747063,2015-01-01,S,9.1997,0.0399,0.0,0.0,0.0,0.0,0.0,0.0,0.0,13.435,27.6024,0.1779
PNHZD0001CE,PH083747123,2015-01-01,S,0.0,0.0,0.0,0.0,0.0,0.0,0.0,0.0,0.0,0.0,0.0,0.0
PNHZD0001CF,PH083747129,2015-01-01,S,28.4246,27.0488,0.009,16.4441,7.9173,0.0,15.2595,5.3185,0.0,0.1502,1.1383,11.0857
PNHZD0001D0,PH083747071,2015-01-01,S,29.819,0.0,0.0,0.0,0.0,0.0,0.0,0.0,0.0,0.0,0.0,0.0
PNHZD0001D1,PH083747034,2015-01-01,S,2.2175,0.0,0.0,0.0,0.0,0.0,0.0,0.0,0.0,0.0,0.0,0.0
PNHZD0001D2,PH083747128,2015-01-01,S,10.1637,28.9836,11.5868,0.0,0.0,0.0,0.0,0.0,0.0,2.9416,11.43,9.7447
PNHZD0001D3,PH083747048,2015-01-01,S,0.0497,0.0,0.0,0.0,0.0,0.0,0.0,0.0,0.0,0.0,0.0,0.0
PNHZD0001D4,PH083747044,2015-01-01,S,86.4515,0.0,0.0,0.0,0.0,0.0,0.0,0.0,0.0,0.0,0.0,0.0
PNHZD0001D5,PH083747133,2015-01-01,S,14.1472,26.7584,5.5348,0.0,0.0,0.0,0.0,0.0,0.0,5.0872,11.6675,5.6599
PNHZD0001D6,PH083747067,2015-01-01,S,100.0,0.0,0.0,0.0,0.0,0.0,0.0,0.0,0.0,0.0,0.0,0.0
PNHZD0001D7,PH083747076,2015-01-01,S,20.3149,13.2168,0.0,0.0,0.0,0.0,0.0,0.0,0.0,3.8978,7.4515,0.0
PNHZD0001D8,PH083747112,2015-01-01,S,30.8393,5.6444,0.0042,7.4599,4.5947,0.0,2.4027,4.3757,0.0,0.0,0.0,0.0
PNHZD0001D9,PH083747059,2015-01-01,S,20.9577,0.0,0.0,0.0,0.0,0.0,0.0,0.0,0.0,0.0,0.0,0.0
PNHZD0001DA,PH083747077,2015-01-01,S,39.3769,12.6347,0.0,0.0,0.0,0.0,0.0,0.0,0.0,0.0,0.0,0.0
PNHZD0001DB,PH083747087,2015-01-01,S,18.2872,0.0,0.0,0.0,0.0,0.0,0.0,0.0,0.0,0.0,0.0,0.0
PNHZD0001DC,PH083747124,2015-01-01,S,12.7281,10.8112,0.8495,0.0,0.0,0.0,0.0,0.0,0.0,1.8958,7.5264,34.992
PNHZD0001DD,PH083747012,2015-01-01,S,2.1866,2.4986,0.0,0.0,0.0,0.0,0.0,0.0,0.0,0.0,0.0,0.0
PNHZD0001DE,PH083747120,2015-01-01,S,16.7928,8.2546,0.6056,11.5791,6.6161,0.1306,8.5878,3.8538,0.0,0.0,0.0,0.0
PNHZD0001DF,PH083747113,2015-01-01,S,33.469,4.1474,0.0,13.8982,0.2672,0.0,3.8793,0.0,0.0,0.0,0.0,0.0
PNHZD0001E0,PH083747151,2015-01-01,S,18.5402,2.1125,0.0,8.4566,0.6333,0.0,4.3466,0.0643,0.0,0.0,0.0,0.0
PNHZD0001E1,PH083747062,2015-01-01,S,0.7079,0.0,0.0,0.0,0.0,0.0,0.0,0.0,0.0,0.0,0.0,0.0
PNHZD0001E2,PH083747054,2015-01-01,S,96.1172,0.0,0.0,0.0,0.0,0.0,0.0,0.0,0.0,0.0,0.0,0.0
PNHZD0001E3,PH083747109,2015-01-01,S,22.6577,3.5538,0.0,13.2871,2.1259,0.0,6.503,0.67,0.0,0.0,0.0,0.0
PNHZD0001E4,PH083747065,2015-01-01,S,79.8866,0.0,0.0,0.0,0.0,0.0,0.0,0.0,0.0,0.0,0.0,0.0
PNHZD0001E5,PH083747137,2015-01-01,S,0.0,0.0,0.0,0.0,0.0,0.0,0.0,0.0,0.0,0.0,0.0,0.0
PNHZD0001E6,PH083747114,2015-01-01,S,30.371,17.2729,0.0901,30.2759,11.6196,0.0541,21.6749,6.2408,0.018,0.0,0.0,0.0
PNHZD0001E7,PH083747149,2015-01-01,S,34.3902,1.8229,0.0,0.0,0.0,0.0,0.0,0.0,0.0,0.0,0.0,0.0
PNHZD0001E8,PH083747132,2015-01-01,S,2.6114,5.1811,3.8063,1.8272,2.8899,0.6261,1.8304,2.603,0.2908,6.0028,28.5464,50.2374
PNHZD0001E9,PH083747096,2015-01-01,S,8.7852,0.0,0.0,0.0,0.0,0.0,0.0,0.0,0.0,7.0025,27.8764,0.0
PNHZD0001EA,PH083747099,2015-01-01,S,32.6022,3.5913,0.0,0.0,0.0,0.0,0.0,0.0,0.0,0.4291,0.0,0.0
PNHZD0001EB,PH083747140,2015-01-01,S,15.3853,0.0,0.0,0.0,0.0,0.0,0.0,0.0,0.0,0.0,0.0,0.0
PNHZD0001EC,PH083747050,2015-01-01,S,12.7697,0.0,0.0,0.0,0.0,0.0,0.0,0.0,0.0,0.0,0.0,0.0
PNHZD0001ED,PH083747057,2015-01-01,S,33.619,0.0,0.0,0.0,0.0,0.0,0.0,0.0,0.0,0.0,0.0,0.0
PNHZD0001EE,PH083747118,2015-01-01,S,0.1328,0.0,0.0,0.1328,0.0,0.0,0.0,0.0,0.0,0.0,0.0,0.0
PNHZD0001EF,PH083747021,2015-01-01,S,2.6796,9.6443,8.7332,0.0,0.0,0.0,0.0,0.0,0.0,9.4232,32.1345,20.8354
PNHZD0001F0,PH083747117,2015-01-01,S,27.2474,9.217,0.0637,18.9934,4.5639,0.0182,7.0371,2.5933,0.0,0.0,0.0,0.0
PNHZD0001F1,PH083747011,2015-01-01,S,0.0,0.0,0.0,0.0,0.0,0.0,0.0,0.0,0.0,0.0,0.0,0.0
PNHZD0001F2,PH083747110,2015-01-01,S,19.9974,6.1405,0.0,10.1296,2.64,0.0,4.7845,1.7016,0.0,0.0,0.0,0.0
PNHZD0001F3,PH083747032,2015-01-01,S,1.4721,2.4047,10.1087,0.0,0.0,0.0,0.0,0.0,0.0,7.064,26.0625,40.7385
PNHZD0001F4,PH083747039,2015-01-01,S,0.0,0.0,0.0,0.0,0.0,0.0,0.0,0.0,0.0,0.0,0.0,0.0
PNHZD0001F5,PH083747075,2015-01-01,S,20.9582,0.0,0.0,0.0,0.0,0.0,0.0,0.0,0.0,0.0,0.0,0.0
PNHZD0001F6,PH083747081,2015-01-01,S,10.7486,0.0,0.0,0.0,0.0,0.0,0.0,0.0,0.0,0.0,0.0,0.0
PNHZD0001F7,PH083747138,2015-01-01,S,25.0115,0.0024,0.0,7.5198,0.0,0.0,1.9118,0.0,0.0,0.0,0.0,0.0
PNHZD0001F8,PH083747045,2015-01-01,S,11.5163,0.0,0.0,0.0,0.0,0.0,0.0,0.0,0.0,0.0,0.0,0.0
PNHZD0001F9,PH083747122,2015-01-01,S,9.8882,5.6511,0.0,8.9667,4.4828,0.0,7.3044,2.6922,0.0,0.0,0.0,0.0
PNHZD0001FA,PH083747097,2015-01-01,S,27.7729,8.228,0.0,0.0,0.0,0.0,0.0,0.0,0.0,10.3192,18.976,0.0
PNHZD0001FB,PH083747068,2015-01-01,S,72.6678,0.0,0.0,0.0,0.0,0.0,0.0,0.0,0.0,0.0,0.0,12.1834
PNHZD0001FC,PH083747136,2015-01-01,S,22.3642,24.5203,0.0412,0.0,0.0,0.0,0.0,0.0,0.0,1.1311,3.8269,23.7169
PNHZD0001FD,PH083747131,2015-01-01,S,9.0604,10.2109,4.3812,0.0,0.0,0.0,0.0,0.0,0.0,3.5595,8.0481,12.2323
PNHZD0001FE,PH083747074,2015-01-01,S,20.2524,7.1715,0.0,0.0,0.0,0.0,0.0,0.0,0.0,0.0,0.0,0.0
PNHZD0001FF,PH083747023,2015-01-01,S,1.5754,5.2267,5.7754,0.0,0.0,0.0,0.0,0.0,0.0,12.116,37.602,21.1691
PNHZD000200,PH083747107,2015-01-01,S,23.3553,2.6557,0.0,0.0,0.0,0.0,0.0,0.0,0.0,0.0,0.0,0.0
PNHZD000201,PH083747024,2015-01-01,S,9.3342,11.8711,4.5415,0.0,0.0,0.0,0.0,0.0,0.0,5.4405,15.6697,20.413
PNHZD000202,PH083747095,2015-01-01,S,8.274,0.1959,0.0,0.0,0.0,0.0,0.0,0.0,0.0,12.8708,10.0239,0.0
PNHZD000203,PH083747027,2015-01-01,S,15.8245,26.6296,2.3932,0.0,0.0,0.0,0.0,0.0,0.0,1.8036,0.9545,0.0
PNHZD000204,PH083747072,2015-01-01,S,47.2474,0.0,0.0,0.0,0.0,0.0,0.0,0.0,0.0,0.0,0.0,0.0
PNHZD000205,PH083747094,2015-01-01,S,22.7754,0.5768,0.0,0.0,0.0,0.0,0.0,0.0,0.0,0.0,0.0,0.0
PNHZD000206,PH083747115,2015-01-01,S,7.1349,4.9621,0.0,2.773,4.4312,0.0,3.6717,2.5283,0.0,0.0,0.0,0.0
PNHZD000207,PH083747041,2015-01-01,S,55.8234,0.0,0.0,0.0,0.0,0.0,0.0,0.0,0.0,0.0,0.0,0.0
PNHZD000208,PH083747085,2015-01-01,S,2.8096,0.2877,0.0,0.0,0.0,0.0,0.0,0.0,0.0,0.0,0.0,0.0
PNHZD000209,PH083747064,2015-01-01,S,99.0499,0.0,0.0,0.0,0.0,0.0,0.0,0.0,0.0,0.0,0.0,0.0
PNHZD00020A,PH083747040,2015-01-01,S,17.5071,0.0,0.0,0.0,0.0,0.0,0.0,0.0,0.0,0.0,0.0,0.0
PNHZD00020B,PH083747066,2015-01-01,S,64.2076,1.5033,0.0,0.0,0.0,0.0,0.0,0.0,0.0,0.0,0.0,0.0
PNHZD00020C,PH083747073,2015-01-01,S,51.4551,4.5718,0.0,0.0,0.0,0.0,0.0,0.0,0.0,0.0,0.0,0.0
PNHZD00020D,PH083747090,2015-01-01,S,19.3421,1.122,0.0,0.0,0.0,0.0,0.0,0.0,0.0,0.0,0.0,0.0
PNHZD00020E,PH083747037,2015-01-01,S,0.9703,0.0,0.0,0.0,0.0,0.0,0.0,0.0,0.0,0.0,0.0,0.0
PNHZD00020F,PH083747152,2015-01-01,S,12.7344,9.4608,1.3385,11.677,6.904,1.1803,9.4303,5.168,0.0,0.9723,12.4581,42.7075
PNHZD000210,PH083747015,2015-01-01,S,0.0,0.0,0.0,0.0,0.0,0.0,0.0,0.0,0.0,0.0,0.0,0.0
PNHZD000211,PH083747082,2015-01-01,S,15.6896,16.419,0.0,0.0,0.0,0.0,0.0,0.0,0.0,0.0,0.0,0.0
PNHZD000212,PH083747038,2015-01-01,S,0.0173,0.0,0.0,0.0,0.0,0.0,0.0,0.0,0.0,0.0,0.0,0.0
PNHZD000213,PH083747042,2015-01-01,S,35.4595,0.0,0.0,0.0,0.0,0.0,0.0,0.0,0.0,0.0,0.0,0.0
PNHZD000214,PH083747098,2015-01-01,S,10.2166,33.7333,0.0,0.0,0.0,0.0,0.0,0.0,0.0,10.6216,1.4287,0.0
PNHZD000215,PH083747150,2015-01-01,S,19.8292,18.3431,0.0,21.0583,10.4693,0.0,15.6426,4.6363,0.0,0.0,0.0,0.0
PNHZD000216,PH083747018,2015-01-01,S,1.8338,6.0466,3.874,0.0409,0.016,0.0015,0.0322,0.0073,0.0015,8.5776,29.2392,37.3098
PNHZD000217,PH083747119,2015-01-01,S,4.9877,0.0,0.0,4.3959,0.0,0.0,3.8042,0.0,0.0,0.0,0.0,0.0
PNHZD000218,PH083747056,2015-01-01,S,29.3513,6.2547,0.0,0.0,0.0,0.0,0.0,0.0,0.0,0.0,0.0,0.0
PNHZD000219,PH083747051,2015-01-01,S,30.699,0.194,0.0,0.0,0.0,0.0,0.0,0.0,0.0,0.0,0.0,0.0
PNHZD00021A,PH083747055,2015-01-01,S,26.2638,0.0014,0.0,0.0,0.0,0.0,0.0,0.0,0.0,0.0,0.0,0.0
PNHZD00021B,PH083747104,2015-01-01,S,63.287,0.0,0.0,0.0,0.0,0.0,0.0,0.0,0.0,0.0,0.0,0.0
PNHZD00021C,PH083747019,2015-01-01,S,9.4404,11.1982,1.8759,0.0,0.0,0.0,0.0,0.0,0.0,3.4857,2.7318,1.0401
PNHZD00021D,PH083747100,2015-01-01,S,21.9457,7.5107,0.0,0.0,0.0,0.0,0.0,0.0,0.0,4.4843,4.3486,0.0
PNHZD00021E,PH083747139,2015-01-01,S,1.383,0.2295,0.0,0.0,0.0,0.0,0.0,0.0,0.0,5.9785,30.2811,45.5301
PNHZD00021F,PH083747125,2015-01-01,S,24.9501,16.8934,0.0,0.0,0.0,0.0,0.0,0.0,0.0,0.0,0.1233,40.3517
PNHZD000220,PH083747079,2015-01-01,S,2.5983,1.7925,0.0,0.0,0.0,0.0,0.0,0.0,0.0,12.3094,41.6399,15.8707
PNHZD000221,PH083747010,2015-01-01,S,0.4481,0.0,0.0,0.0,0.0,0.0,0.0,0.0,0.0,0.0268,0.0,0.0
PNHZD000222,PH083747127,2015-01-01,S,10.4454,8.1545,0.9216,0.0,0.0,0.0,0.0,0.0,0.0,6.3615,19.1888,11.5851
PNHZD000223,PH083747084,2015-01-01,S,25.3003,13.8384,0.0,0.0,0.0,0.0,0.0,0.0,0.0,0.0,0.0,0.0
PNHZD000224,PH083747053,2015-01-01,S,24.9645,0.0,0.0,0.0,0.0,0.0,0.0,0.0,0.0,0.0,0.0,0.0
PNHZD000225,PH083747035,2015-01-01,S,0.0,0.0,0.0,0.0,0.0,0.0,0.0,0.0,0.0,0.0,0.0,0.0
PNHZD000226,PH083747013,2015-01-01,S,6.4842,3.7342,0.0,0.0,0.0,0.0,0.0,0.0,0.0,0.0,0.0,0.0
PNHZD000227,PH083747043,2015-01-01,S,9.2718,0.0,0.0,0.0,0.0,0.0,0.0,0.0,0.0,0.0,0.0,0.0
PNHZD000228,PH083747046,2015-01-01,S,100.0,0.0,0.0,0.0,0.0,0.0,0.0,0.0,0.0,0.0,0.0,0.0
PNHZD000229,PH083747105,2015-01-01,S,20.6056,8.6519,0.0797,0.0,0.0,0.0,0.0,0.0,0.0,0.6685,3.465,43.3811
PNHZD00022A,PH083747008,2015-01-01,S,0.6108,0.984,0.0,0.0,0.0,0.0,0.0,0.0,0.0,0.9479,15.7005,70.4842
PNHZD00022B,PH083747078,2015-01-01,S,46.231,18.5064,0.0,0.0,0.0,0.0,0.0,0.0,0.0,0.0,0.0,0.0
PNHZD00022C,PH083747135,2015-01-01,S,45.4831,8.9572,0.5742,33.0192,5.7083,0.3518,12.0854,3.3524,0.2463,0.0,0.0,0.0
PNHZD00022D,PH083747147,2015-01-01,S,22.4456,17.6413,0.0,0.0,0.0,0.0,0.0,0.0,0.0,0.0,0.0,0.0
PNHZD00022E,PH083747061,2015-01-01,S,1.3818,4.5381,11.4096,0.0,0.0,0.0,0.0,0.0,0.0,9.572,39.7823,27.222
PNHZD00022F,PH083747026,2015-01-01,S,2.7604,5.1184,2.4111,0.3489,0.5526,0.2566,0.3716,0.4634,0.1811,2.0187,12.4291,67.6527
PNHZD000230,PH083747121,2015-01-01,S,21.443,1.6905,0.0,0.0,0.0,0.0,0.0,0.0,0.0,0.0179,0.0306,0.0
PNHZD000231,PH083747086,2015-01-01,S,20.8209,1.4139,0.0,0.0,0.0,0.0,0.0,0.0,0.0,0.0,0.0,0.0
PNHZD000232,PH083747106,2015-01-01,S,9.8378,0.8095,0.0,0.0,0.0,0.0,0.0,0.0,0.0,0.0,0.0,0.0
PNHZD000233,PH083747052,2015-01-01,S,45.798,5.7498,0.0,0.0,0.0,0.0,0.0,0.0,0.0,0.0,0.0,0.0
PNHZD000234,PH083747146,2015-01-01,S,24.734,4.5726,0.0,0.0,0.0,0.0,0.0,0.0,0.0,0.0,0.0,0.0
PNHZD000235,PH083747092,2015-01-01,S,25.0268,6.0932,0.0,0.0,0.0,0.0,0.0,0.0,0.0,0.0,0.0,0.0
PNHZD000236,PH083747102,2015-01-01,S,24.4748,11.7218,0.0,0.0,0.0,0.0,0.0,0.0,0.0,0.8433,0.4634,0.0
PNHZD000237,PH083747108,2015-01-01,S,15.506,5.9294,0.0,0.1139,0.0,0.0,0.0,0.0,0.0,0.0,0.0,0.0
PNHZD000238,PH083747155,2015-01-01,S,5.1117,13.4146,21.3772,0.0,0.0,0.0,0.0,0.0,0.0,3.7248,12.5972,40.7336
PNHZD000239,PH083747093,2015-01-01,S,27.0797,2.1625,0.0,0.0,0.0,0.0,0.0,0.0,0.0,0.0,0.0,0.0
PNHZD00023A,PH083747101,2015-01-01,S,0.0,0.0,0.0,0.0,0.0,0.0,0.0,0.0,0.0,2.7019,3.8711,0.0
PNHZD00023B,PH083747103,2015-01-01,S,39.7862,26.0894,0.0,0.0,0.0,0.0,0.0,0.0,0.0,0.0,0.0,0.0
PNHZD00023C,PH083747058,2015-01-01,S,4.6022,0.0,0.0,0.0,0.0,0.0,0.0,0.0,0.0,0.0,0.0,0.0
PNHZD00023D,PH083747089,2015-01-01,S,2.9188,0.0,0.0,0.0,0.0,0.0,0.0,0.0,0.0,0.0,0.0,0.0
PNHZD00023E,PH083747006,2015-01-01,S,50.1027,12.5297,0.0,0.0,0.0,0.0,0.0,0.0,0.0,0.0,0.0,0.0
PNHZD00023F,PH083747154,2015-01-01,S,63.4922,0.0,0.0,0.0,0.0,0.0,0.0,0.0,0.0,0.0,0.0,0.0
PNHZD000240,PH083747080,2015-01-01,S,0.0,0.0,0.0,0.0,0.0,0.0,0.0,0.0,0.0,0.0,0.0,0.0
PNHZD000241,PH083747047,2015-01-01,S,4.0538,0.6683,0.0,0.0,0.0,0.0,0.0,0.0,0.0,0.5693,0.207,0.0
PNHZD000242,PH083747145,2015-01-01,S,1.7168,0.0,0.0,0.0,0.0,0.0,0.0,0.0,0.0,0.0,0.0,0.0
PNHZD000243,PH083747142,2015-01-01,S,31.3657,0.0,0.0,0.0,0.0,0.0,0.0,0.0,0.0,0.0,0.0,0.0
PNHZD000244,PH083747070,2015-01-01,S,11.3528,0.0,0.0,0.0,0.0,0.0,0.0,0.0,0.0,0.0,0.0,0.0
PNHZD000245,PH083747020,2015-01-01,S,5.9205,5.6443,0.0515,0.0,0.0,0.0,0.0,0.0,0.0,7.9978,4.6258,0.4143
PNHZD000246,PH083747153,2015-01-01,S,0.0,0.0,0.0,0.0,0.0,0.0,0.0,0.0,0.0,0.0,0.0,0.0
PNHZD000247,PH083747025,2015-01-01,S,3.9924,7.0141,3.8712,0.3393,0.5772,1.5309,0.3358,0.6628,1.1411,3.1336,19.2783,44.2572
PNHZD000248,PH083747134,2015-01-01,S,27.6766,11.8429,0.0,24.2534,7.9801,0.0,18.2963,4.6956,0.0,0.0,0.0,0.0
PNHZD000249,PH083747091,2015-01-01,S,11.8109,0.0,0.0,0.0,0.0,0.0,0.0,0.0,0.0,0.0,0.0,0.0
PNHZD00024A,PH083747036,2015-01-01,S,0.0,0.0,0.0,0.0,0.0,0.0,0.0,0.0,0.0,0.0,0.0,0.0
PNHZD00024B,PH083747088,2015-01-01,S,39.3854,13.3375,0.0,0.0,0.0,0.0,0.0,0.0,0.0,0.0,0.0,0.0
PNHZD00024C,PH083747083,2015-01-01,S,8.1925,0.0,0.0,0.0,0.0,0.0,0.0,0.0,0.0,0.0,0.0,0.0
PNHZD00024D,PH083747069,2015-01-01,S,7.8771,4.0105,0.0,0.0,0.0,0.0,0.0,0.0,0.0,11.3725,32.0062,1.5454
PNHZD00024E,PH083747141,2015-01-01,S,3.6301,0.0,0.0,0.0,0.0,0.0,0.0,0.0,0.0,0.0,0.0,0.0
PNHZD00024F,PH083747148,2015-01-01,S,36.5349,3.4583,0.0,0.0,0.0,0.0,0.0,0.0,0.0,0.0,0.0,0.0
PNHZD000250,PH083747116,2015-01-01,S,11.2182,1.5088,0.0,1.7884,1.38,0.0,2.0259,0.3396,0.0,0.0,0.0,0.0
PNHZD000251,PH083747060,2015-01-01,S,32.7275,0.0,0.0,0.0,0.0,0.0,0.0,0.0,0.0,0.0,0.0,0.0
PNHZD000252,PH083747049,2015-01-01,S,13.9567,0.0,0.0,0.0,0.0,0.0,0.0,0.0,0.0,0.0,0.0,0.0
PNHZD000253,PH083747130,2015-01-01,S,35.409,12.7162,0.0,17.4165,4.7722,0.0,14.6256,1.4153,0.0,0.0,0.0,0.0
PNHZD000254,PH083747143,2015-01-01,S,6.4886,0.0,0.0,0.0,0.0,0.0,0.0,0.0,0.0,0.0,0.0,0.0
PNHZD000255,PH083747014,2015-01-01,S,0.0,0.0,0.0,0.0,0.0,0.0,0.0,0.0,0.0,0.0,0.0,0.0
PNHZD000256,PH137603001,2015-01-01,S,18.6514,18.8178,7.4917,16.9981,15.4508,6.0716,15.0387,9.8844,4.1054,0.4261,0.0431,0.0279
PNHZD000257,PH137603006,2015-01-01,S,11.7199,10.5575,3.9198,10.6537,8.7045,3.1849,9.1765,6.0837,2.0872,0.007,0.0,0.0
PNHZD000258,PH137603004,2015-01-01,S,13.9049,21.4851,4.2877,14.0251,18.3542,3.495,13.7138,12.4161,2.4508,0.0041,0.0,0.0
PNHZD000259,PH137603002,2015-01-01,S,17.855,21.4371,6.0784,17.2808,15.3607,4.7108,13.9585,8.0603,2.7702,0.0,0.0,0.0
PNHZD00025A,PH137603009,2015-01-01,S,11.478,8.1023,3.5893,10.1277,6.5843,3.0024,8.0774,4.6324,2.2222,0.0207,0.0,0.0
PNHZD00025B,PH137603007,2015-01-01,S,22.3811,15.2407,1.355,20.2304,12.0385,1.0336,16.3396,7.781,0.6702,0.0113,0.0,0.0
PNHZD00025C,PH137603003,2015-01-01,S,26.0777,23.5531,6.3099,22.8795,18.2105,5.7632,14.0783,12.5754,4.456,0.0,0.0,0.0
PNHZD00025D,PH137603005,2015-01-01,S,4.824,3.6394,4.0364,4.396,3.2232,3.768,3.3175,2.6511,2.7971,1.4208,0.4667,0.1799
PNHZD00025E,PH137603008,2015-01-01,S,5.8668,4.1053,0.4503,5.891,3.2115,0.5148,5.2211,1.6558,0.3772,1.7923,0.9887,0.1687
PNHZD00025F,PH137401027,2015-01-01,S,11.7906,10.8024,5.1364,10.4482,9.4286,3.5648,8.6066,6.7053,2.3419,0.0104,0.0,0.0383
PNHZD000260,PH137401009,2015-01-01,S,10.7542,51.4569,22.7205,17.14,46.0229,13.2453,26.7528,26.0944,9.6398,0.0,0.0,0.0
PNHZD000261,PH137401023,2015-01-01,S,9.3578,3.9903,0.0,9.0872,2.6031,0.0,7.7212,1.3354,0.0,0.0,0.0,0.0
PNHZD000262,PH137401004,2015-01-01,S,16.9983,3.8559,4.8425,14.0819,2.1609,4.3082,10.7362,1.1654,3.46,0.0,0.0,0.0
PNHZD000263,PH137401005,2015-01-01,S,5.8602,4.8241,5.3586,4.8027,4.0929,4.8606,3.6154,3.1798,4.2248,0.1659,0.2012,0.0
PNHZD000264,PH137401021,2015-01-01,S,3.8696,22.2821,41.7676,7.6357,36.9295,18.5973,15.8617,24.8954,2.7841,0.0,0.0,0.0
PNHZD000265,PH137401003,2015-01-01,S,17.464,4.6133,0.0,16.6496,2.4926,0.0,14.0231,0.5638,0.0,0.0,0.0,0.0
PNHZD000266,PH137401016,2015-01-01,S,17.2447,2.9145,0.0,13.8626,2.1837,0.0,9.9659,0.8611,0.0,0.0,0.0,0.0
PNHZD000267,PH137401011,2015-01-01,S,7.6407,25.9043,3.9522,7.892,23.7311,3.358,10.1407,20.3533,1.1521,0.0,0.0,0.0
PNHZD000268,PH137401001,2015-01-01,S,9.7845,7.3549,3.6101,9.0103,6.2038,2.8676,7.6304,4.857,2.0022,0.127,0.0,0.0
PNHZD000269,PH137401008,2015-01-01,S,12.092,13.99,17.3644,11.4818,11.184,16.5742,11.4767,8.1168,15.0817,1.5725,2.0921,0.0
PNHZD00026A,PH137401013,2015-01-01,S,8.6574,3.8381,1.61,7.5069,3.196,1.3085,5.7687,2.4247,0.9324,0.0,0.0,0.0
PNHZD00026B,PH137401012,2015-01-01,S,18.3986,2.3757,0.0,14.9394,1.0462,0.0,11.7975,0.4185,0.0,0.0,0.0,0.0
PNHZD00026C,PH137401026,2015-01-01,S,31.1832,9.1372,14.2231,27.857,6.5238,12.8611,18.6057,14.1999,3.6395,0.0,0.0,0.0
PNHZD00026D,PH137401017,2015-01-01,S,10.6458,6.2547,1.2157,10.0095,4.9852,0.9099,7.561,3.4634,0.5378,0.0,0.0,0.0
PNHZD00026E,PH137401006,2015-01-01,S,6.8318,5.0651,6.2009,4.3454,3.996,5.4581,3.4697,4.2078,4.3349,0.0,0.0,0.0
PNHZD00026F,PH137401002,2015-01-01,S,20.7151,45.273,3.6544,22.1584,39.3701,2.6854,24.5754,27.0304,1.777,0.0,0.0,0.0
PNHZD000270,PH137401010,2015-01-01,S,3.4692,0.2978,0.0,2.65,0.24,0.0,1.626,0.0526,0.0,0.0,0.0,0.0
PNHZD000271,PH137401025,2015-01-01,S,21.0622,18.2503,0.0,23.6893,10.106,0.0,20.999,2.9299,0.0,0.8078,0.0,0.0
PNHZD000272,PH137401014,2015-01-01,S,28.8311,15.5942,16.2548,26.7174,10.6596,14.9388,21.0622,8.1258,12.1688,0.0,0.0,0.0
PNHZD000273,PH137401007,2015-01-01,S,0.0,0.0,0.0,0.0,0.0,0.0,0.0,0.0,0.0,0.0,0.0,0.0
PNHZD000274,PH137401020,2015-01-01,S,15.7943,31.0394,25.0652,18.3699,33.046,13.2491,24.1245,26.7368,0.3332,0.0,0.0,0.0
PNHZD000275,PH137401015,2015-01-01,S,10.2904,24.3357,62.4404,5.5194,39.7061,41.0512,15.2714,41.5956,9.7473,0.0,0.0,0.0
PNHZD000276,PH137401024,2015-01-01,S,12.1238,21.5303,19.4002,12.0568,25.0854,9.9996,16.3932,11.5323,2.084,0.0,0.0,0.0
PNHZD000277,PH137401019,2015-01-01,S,42.8972,15.7903,0.0438,42.552,9.0004,0.0,33.9898,4.0348,0.0,0.0,0.0,0.0
PNHZD000278,PH137401018,2015-01-01,S,11.9299,39.5617,20.955,12.2557,33.5213,16.4717,20.3244,6.3704,15.0283,0.0259,0.0,0.0
PNHZD000279,PH137401022,2015-01-01,S,21.0475,33.5447,0.7565,22.6893,27.0354,0.3875,22.9265,17.9497,0.1845,0.0,0.0,0.0
PNHZD00027A,PH137503001,2015-01-01,S,34.9986,32.6545,2.8626,26.4848,20.9022,0.3598,23.1488,5.5352,0.0,0.0,0.0,0.0
PNHZD00027B,PH137503002,2015-01-01,S,21.5244,8.5146,0.0,9.0393,5.9219,0.0,7.3809,2.205,0.0,0.0,0.0,0.0
PNHZD00027C,PH137503011,2015-01-01,S,4.0861,82.3233,12.3424,11.1221,74.5879,10.8874,40.4517,30.5916,7.7531,0.0,0.0,0.0
PNHZD00027D,PH137503012,2015-01-01,S,34.5435,17.2784,0.0,27.832,11.4598,0.0,21.5809,4.5706,0.0,0.0,0.0,0.0
PNHZD00027E,PH137503010,2015-01-01,S,33.4198,20.4794,4.7442,26.9656,16.1021,0.5788,21.172,7.9648,0.0,0.0,0.0,0.0106
PNHZD00027F,PH137503005,2015-01-01,S,45.2285,12.3765,0.6234,38.6491,7.7393,0.0,28.4077,2.7244,0.0,0.0,0.0,0.0
PNHZD000280,PH137503004,2015-01-01,S,27.7521,42.0123,6.1257,32.4865,26.8332,0.85,19.2407,15.5107,0.1671,0.0,0.0,0.0161
PNHZD000281,PH137503013,2015-01-01,S,21.3939,13.6081,0.1046,17.0815,11.1187,0.0,13.8462,6.4133,0.0,0.0,0.0,0.0
PNHZD000282,PH137503003,2015-01-01,S,36.5555,39.27,6.8494,28.3929,28.7055,0.0,17.8476,17.8798,0.0,0.0,0.0,0.0
PNHZD000283,PH137503006,2015-01-01,S,41.5622,46.7612,0.0,29.157,25.5591,0.0,23.9872,0.9429,0.0,0.0,0.0,0.0
PNHZD000284,PH137503009,2015-01-01,S,27.9483,30.5223,6.1557,32.7613,19.1662,2.9681,21.6721,10.6873,0.4534,0.0181,0.0121,0.0015
PNHZD000285,PH137503007,2015-01-01,S,39.3363,0.1157,0.0,11.5532,0.0,0.0,5.274,0.0,0.0,0.0,0.0,0.0
PNHZD000286,PH137503014,2015-01-01,S,36.8971,40.9136,0.326,45.7914,20.3559,0.0203,39.8516,3.7383,0.0,0.2148,0.0455,0.0547
PNHZD000287,PH137503008,2015-01-01,S,20.4797,7.0482,0.0,17.0,1.653,0.0,12.2215,0.6362,0.0,0.0004,0.0,0.0137
PNHZD000288,PH104305004,2015-01-01,S,2.1588,4.6951,6.6509,0.0,0.0,0.0,0.0,0.0,0.0,4.6837,32.6604,36.5283
PNHZD000289,PH104305001,2015-01-01,S,2.4028,11.6713,12.1597,0.0,0.0,0.0,0.0,0.0,0.0,7.172,26.1482,24.1795
PNHZD00028A,PH104305002,2015-01-01,S,2.8296,9.4901,31.7435,1.952,4.8776,19.8141,2.3542,5.1423,17.8855,7.2635,17.7107,0.0251
PNHZD00028B,PH104305081,2015-01-01,S,0.0,98.3433,1.6567,1.9785,98.0215,0.0,44.8703,19.958,0.0,0.0,0.0,0.0
PNHZD00028C,PH104305005,2015-01-01,S,6.7849,4.5879,36.4591,6.4381,10.6704,25.1534,7.066,5.1494,11.8723,3.5871,12.3526,0.0515
PNHZD00028D,PH104305043,2015-01-01,S,8.5832,12.3451,18.3355,5.6632,8.3248,11.3409,6.7428,3.8346,9.1372,4.48,18.3423,1.4545
PNHZD00028E,PH104305073,2015-01-01,S,16.148,10.7794,23.2007,9.4113,5.1284,20.4951,1.6573,2.4542,14.919,0.3465,0.1155,0.0
PNHZD00028F,PH104305032,2015-01-01,S,52.1177,32.1023,0.0,26.9874,5.6661,0.0,10.5508,0.0672,0.0,0.0,0.0,0.0
PNHZD000290,PH104305078,2015-01-01,S,6.694,82.1602,9.6297,13.8403,76.8914,4.3832,28.5385,28.8944,1.1081,0.0,0.0,0.0
PNHZD000291,PH104305034,2015-01-01,S,11.6009,0.0,0.0,7.0198,0.0,0.0,0.9408,0.0,0.0,0.0,0.0,0.0
PNHZD000292,PH104305055,2015-01-01,S,24.9565,27.7458,0.0,28.6855,15.5594,0.0,13.3959,0.6654,0.0,0.0,0.0,0.0
PNHZD000293,PH104305051,2015-01-01,S,6.6877,25.9255,52.9737,8.5383,30.5662,43.4242,11.4767,35.2871,26.3393,1.832,1.4728,0.0
PNHZD000294,PH104305075,2015-01-01,S,21.016,0.0,0.0,15.2993,0.0,0.0,5.8243,0.0,0.0,0.0,0.0,0.0
PNHZD000295,PH104305061,2015-01-01,S,11.7698,7.3533,0.7386,10.4973,5.6268,0.4551,8.0366,3.8491,0.1645,4.7884,8.1618,0.0331
PNHZD000296,PH104305022,2015-01-01,S,18.6829,59.6199,2.6045,30.2672,35.7632,0.0,29.2561,8.1382,0.0,0.0,0.0,0.0
PNHZD000297,PH104305060,2015-01-01,S,8.4485,11.6255,14.4609,3.562,3.0914,6.7088,2.7929,2.0948,5.3583,7.2486,31.2637,1.7568
PNHZD000298,PH104305076,2015-01-01,S,11.3811,24.039,17.7824,10.8264,14.5388,16.5623,14.5466,1.4298,0.0,0.0,0.0,0.0
PNHZD000299,PH104305040,2015-01-01,S,24.3312,47.508,10.0174,26.5635,44.5445,1.2451,18.6137,0.9737,0.0,0.0,0.0,0.0
PNHZD00029A,PH104305020,2015-01-01,S,1.2845,60.0641,38.3595,16.0154,71.819,8.2537,32.803,22.656,1.8683,0.0,0.0,0.0
PNHZD00029B,PH104305029,2015-01-01,S,35.2002,58.1274,0.0,33.1902,6.9938,0.0,1.8542,0.0,0.0,0.0,0.0,0.0
PNHZD00029C,PH104305059,2015-01-01,S,0.7,3.4034,11.5094,0.0,0.0,0.0,0.0,0.0,0.0,11.2741,55.7017,3.2028
PNHZD00029D,PH104305035,2015-01-01,S,41.2384,29.9225,0.0,42.0027,3.2671,0.0,26.2677,0.1473,0.0,0.0,0.0,0.0
PNHZD00029E,PH104305047,2015-01-01,S,0.5254,3.4994,5.9159,0.0,0.0,0.0,0.0,0.0,0.0,7.4504,52.9653,26.8377
PNHZD00029F,PH104305054,2015-01-01,S,3.0212,4.6764,6.7035,0.6299,0.3544,1.1624,0.3872,0.255,0.7583,8.1326,33.0079,5.2046
PNHZD0002A0,PH104305023,2015-01-01,S,13.8777,70.1918,10.4696,28.4552,43.1244,0.4107,19.1242,5.9652,0.0,0.0,0.0,0.0
PNHZD0002A1,PH104305017,2015-01-01,S,33.993,14.9953,3.7264,11.3905,3.6462,2.5831,5.0457,0.0,0.0,0.0,0.0,0.0
PNHZD0002A2,PH104305070,2015-01-01,S,0.5036,3.3945,5.0418,0.0,0.0,0.0,0.0,0.0,0.0,6.9003,40.1822,38.008
PNHZD0002A3,PH104305071,2015-01-01,S,0.4608,3.2547,6.9629,0.0,0.0,0.0,0.0,0.0,0.0,9.6496,58.1201,9.65
PNHZD0002A4,PH104305079,2015-01-01,S,0.881,91.785,7.334,3.9062,94.5178,1.5721,53.1119,26.073,0.0,0.0,0.0,0.0
PNHZD0002A5,PH104305031,2015-01-01,S,28.9261,3.3572,0.0,21.9064,0.0,0.0,8.6538,0.0,0.0,0.0,0.0,0.0
PNHZD0002A6,PH104305025,2015-01-01,S,16.7093,60.135,4.9589,28.5609,30.4977,0.0,25.1274,9.7902,0.0,0.0,0.0,0.0
PNHZD0002A7,PH104305077,2015-01-01,S,39.214,13.1387,0.0,35.6572,3.9211,0.0,10.9356,1.0819,0.0,0.0,0.0,0.0
PNHZD0002A8,PH104305074,2015-01-01,S,1.9702,22.9242,58.2056,6.8753,17.0211,56.4648,0.8043,2.7577,50.9976,0.0,0.0,0.0
PNHZD0002A9,PH104305069,2015-01-01,S,0.8018,3.5846,3.4485,0.0,0.0,0.0,0.0,0.0,0.0,9.8132,67.1108,0.9143
PNHZD0002AA,PH104305039,2015-01-01,S,0.6776,4.0321,5.9289,0.0,0.0,0.0,0.0,0.0,0.0,7.815,36.877,34.6846
PNHZD0002AB,PH104305065,2015-01-01,S,4.6375,7.5781,13.7308,0.0,0.0,0.0,0.0,0.0,0.0,9.628,28.8465,6.0809
PNHZD0002AC,PH104305011,2015-01-01,S,0.2433,2.8183,90.4153,0.242,7.5431,85.4485,7.5721,11.3364,41.1537,0.0807,0.0,0.0
PNHZD0002AD,PH104305068,2015-01-01,S,1.1708,4.6679,12.7808,0.0,0.0,0.0,0.0,0.0,0.0,10.8998,49.5952,1.8053
PNHZD0002AE,PH104305024,2015-01-01,S,33.4221,63.3551,0.0,47.0074,0.8344,0.0,18.4846,0.0,0.0,0.0,0.0,0.0
PNHZD0002AF,PH104305053,2015-01-01,S,17.9109,32.487,9.5795,20.5317,26.4617,5.2692,16.0692,11.1584,0.0046,2.7018,4.7804,0.0
PNHZD0002B0,PH104305006,2015-01-01,S,1.103,13.378,68.5013,1.5219,15.5252,65.02,1.2273,2.6762,45.7466,0.0,0.0,0.0
PNHZD0002B1,PH104305026,2015-01-01,S,40.6124,53.1166,0.0,40.8151,13.5963,0.0,21.8367,3.7503,0.0,0.0,0.0,0.0
PNHZD0002B2,PH104305016,2015-01-01,S,18.2289,3.5654,31.6165,14.6366,1.7314,31.1413,3.7883,4.3799,18.5269,0.0,0.0,0.0
PNHZD0002B3,PH104305042,2015-01-01,S,5.9165,13.914,13.979,6.8412,15.2721,10.0168,10.3844,13.2608,1.8632,10.1357,20.1077,0.0934
PNHZD0002B4,PH104305041,2015-01-01,S,6.5354,11.7648,3.6978,5.813,5.7081,2.2559,5.458,3.4783,1.4071,5.647,22.9481,20.3664
PNHZD0002B5,PH104305072,2015-01-01,S,0.2773,2.5635,5.2801,0.0,0.0,0.0,0.0,0.0,0.0,7.0266,48.9743,36.0182
PNHZD0002B6,PH104305048,2015-01-01,S,0.7385,4.9787,3.7762,0.0465,0.1076,0.1908,0.0416,0.1043,0.1089,9.9379,51.2038,22.5413
PNHZD0002B7,PH104305014,2015-01-01,S,3.7538,13.0323,70.866,6.0669,10.9539,69.4097,6.391,59.166,0.0,0.0,0.0,0.0
PNHZD0002B8,PH104305046,2015-01-01,S,4.4233,5.8632,3.1869,3.1749,2.1867,0.5367,2.3429,1.0617,0.2157,9.9561,41.5904,11.6359
PNHZD0002B9,PH104305045,2015-01-01,S,0.8482,5.77,92.8972,0.9959,16.9621,81.1002,22.7501,18.1273,19.7109,0.0,0.0,0.0
PNHZD0002BA,PH104305050,2015-01-01,S,4.8063,3.4308,4.1841,1.8362,1.766,2.4281,1.5298,1.2006,1.6106,7.543,30.2623,9.7266
PNHZD0002BB,PH104305028,2015-01-01,S,23.8732,73.8058,0.0,48.8586,30.9154,0.0,6.2391,0.032,0.0,0.0,0.0,0.0
PNHZD0002BC,PH104305015,2015-01-01,S,28.5008,0.0,0.0,24.1528,0.0,0.0,10.1729,0.0,0.0,0.0,0.0,0.0
PNHZD0002BD,PH104305080,2015-01-01,S,3.5608,89.9596,4.5536,9.2186,87.0767,0.1763,34.4962,39.656,0.0,0.0,0.0,0.0
PNHZD0002BE,PH104305019,2015-01-01,S,24.5649,22.8827,13.5026,14.3421,7.4843,12.2438,8.047,1.1561,0.0,0.0,0.0,0.0
PNHZD0002BF,PH104305049,2015-01-01,S,12.3676,12.8386,2.7576,11.252,10.5261,1.6493,9.7324,5.303,0.4477,6.3557,21.5986,2.383
PNHZD0002C0,PH104305008,2015-01-01,S,53.5606,10.4682,0.0,47.1909,1.6991,0.0,19.8283,0.0314,0.0,0.0,0.0,0.0
PNHZD0002C1,PH104305027,2015-01-01,S,19.7359,79.2196,0.0,69.1317,10.0899,0.0,1.8179,0.0,0.0,0.0,0.0,0.0
PNHZD0002C2,PH104305030,2015-01-01,S,75.2848,14.4866,0.0,18.9216,0.0,0.0,1.6331,0.0,0.0,0.0,0.0,0.0
PNHZD0002C3,PH104305021,2015-01-01,S,3.2217,34.0034,58.1571,4.2404,62.3144,23.5652,29.963,30.7031,0.0,0.0,0.0,0.0
PNHZD0002C4,PH104305018,2015-01-01,S,6.1035,49.3237,43.4683,13.9941,60.443,16.0567,24.3468,29.5532,0.0,0.0,0.0,0.0
PNHZD0002C5,PH104305044,2015-01-01,S,9.5665,12.9474,10.0906,6.9931,9.5888,6.5889,7.9728,3.7072,3.2988,4.4857,10.4001,0.7865
PNHZD0002C6,PH104305013,2015-01-01,S,0.8342,3.7972,95.1448,1.0797,3.5619,94.9052,20.5291,23.277,41.0615,0.2095,0.0,0.0
PNHZD0002C7,PH104305037,2015-01-01,S,27.8947,40.7281,0.2553,29.2341,30.9955,0.005,17.7047,11.7144,0.0,0.0,0.0,0.0
PNHZD0002C8,PH104305033,2015-01-01,S,3.5229,19.4052,57.3605,8.5165,11.0348,56.0391,1.1388,9.2924,40.0253,0.2643,0.0,0.0
PNHZD0002C9,PH104305012,2015-01-01,S,14.8351,0.0,0.0,11.5651,0.0,0.0,3.7457,0.0,0.0,0.0,0.0,0.0
PNHZD0002CA,PH104305003,2015-01-01,S,8.4929,26.8973,23.3405,9.354,26.6878,20.7288,10.7382,26.0268,15.664,1.4824,2.1158,0.0506
PNHZD0002CB,PH104305064,2015-01-01,S,19.6815,50.0051,17.8321,29.5249,31.4931,15.45,16.3659,10.829,6.7859,0.0,0.0,0.0
PNHZD0002CC,PH104305062,2015-01-01,S,0.2926,2.6982,5.3842,0.0,0.0,0.0,0.0,0.0,0.0,9.4906,65.7408,18.2251
PNHZD0002CD,PH104305057,2015-01-01,S,3.4765,5.4842,14.553,0.0,0.0,0.0,0.0,0.0,0.0,4.9227,37.5281,4.6289
PNHZD0002CE,PH104305067,2015-01-01,S,5.8746,8.721,7.6735,4.6804,2.74,0.3959,3.2486,1.1311,0.1272,7.3579,33.7456,23.7221
PNHZD0002CF,PH104305036,2015-01-01,S,33.744,8.9385,0.0,28.9828,0.0,0.0,8.5187,0.0,0.0,0.0,0.0,0.0
PNHZD0002D0,PH104305010,2015-01-01,S,10.9744,0.0,0.0,8.2124,0.0,0.0,2.9974,0.0,0.0,0.0,0.0,0.0
PNHZD0002D1,PH104305007,2015-01-01,S,10.3883,0.0,0.0,6.9891,0.0,0.0,3.2283,0.0,0.0,0.0,0.0,0.0
PNHZD0002D2,PH104305058,2015-01-01,S,3.7953,64.8336,28.2536,39.5003,18.1676,24.0206,13.7785,5.5681,14.8833,0.0593,0.0513,0.0
PNHZD0002D3,PH104305063,2015-01-01,S,6.035,6.0005,5.0706,0.0,0.0,0.0,0.0,0.0,0.0,3.4227,14.0208,17.147
PNHZD0002D4,PH104305009,2015-01-01,S,0.5491,4.9035,82.6511,0.3947,10.657,76.6016,7.1546,2.8922,48.7284,0.0,0.0,0.0
PNHZD0002D5,PH104305038,2015-01-01,S,0.8841,3.4143,6.7408,0.0,0.0,0.0,0.0,0.0,0.0,10.0293,58.2212,2.5579
PNHZD0002D6,PH104305052,2015-01-01,S,27.4288,32.6587,13.2807,28.2456,28.7998,8.4241,17.7109,2.2145,5.9614,0.0388,0.0,0.0
PNHZD0002D7,PH104305056,2015-01-01,S,4.3554,5.3092,36.4262,5.2518,2.9864,35.2687,5.5148,8.9883,19.3254,6.8089,20.7695,0.1045
PNHZD0002D8,PH015518016,2015-01-01,S,44.2794,2.7342,6.6372,22.4712,3.4425,3.4657,5.8785,3.6803,0.0489,0.0,0.0,0.0
PNHZD0002D9,PH015518031,2015-01-01,S,34.9475,15.1128,0.0,37.5167,3.152,0.0,15.2683,0.384,0.0,0.0,0.0,0.0
PNHZD0002DA,PH015518022,2015-01-01,S,36.7851,6.9711,1.6007,29.9044,3.3568,0.3949,11.754,0.8782,0.0148,0.0,0.0,0.0
PNHZD0002DB,PH015518024,2015-01-01,S,21.3501,14.7694,5.8612,19.3966,15.7682,2.4921,15.9385,6.7078,0.1745,0.0,0.0,0.0
PNHZD0002DC,PH015518025,2015-01-01,S,27.4855,5.7184,1.3379,23.231,3.4475,1.3187,14.6503,1.902,0.0,0.0,0.0,0.0
PNHZD0002DD,PH015518004,2015-01-01,S,26.2473,1.4504,0.0,21.2487,0.8703,0.0,12.4757,0.2901,0.0,0.0,0.0,0.0
PNHZD0002DE,PH015518023,2015-01-01,S,34.0985,10.3666,0.0,30.8127,3.5205,0.0,11.6404,0.5656,0.0,0.0,0.0,0.0
PNHZD0002DF,PH015518010,2015-01-01,S,45.3682,2.3676,2.598,33.7635,1.9561,1.0071,10.7636,1.1066,0.0,0.0,0.0,0.0
PNHZD0002E0,PH015518003,2015-01-01,S,24.8781,2.1513,3.1206,19.8032,2.2116,2.1549,12.4764,2.411,0.0,0.0,0.0,0.0
PNHZD0002E1,PH015518012,2015-01-01,S,27.9466,18.046,0.009,26.8305,11.1402,0.0,20.7044,1.7693,0.0,0.0,0.0,0.0
PNHZD0002E2,PH015518009,2015-01-01,S,24.9806,6.2346,0.0867,20.9029,2.8527,0.006,10.641,1.2657,0.0,0.0,0.0,0.0
PNHZD0002E3,PH015518026,2015-01-01,S,27.6696,15.1769,1.7109,24.4087,12.1992,0.8884,19.1247,4.2946,0.0,0.0,0.0,0.0
PNHZD0002E4,PH015518032,2015-01-01,S,26.9222,16.7652,0.3666,25.5114,6.6363,0.0,17.8934,0.5251,0.0,0.0,0.0,0.0
PNHZD0002E5,PH015518007,2015-01-01,S,15.3907,22.8754,8.1678,14.3514,21.6863,5.5294,14.5057,16.3395,3.1328,0.0,0.0,0.0
PNHZD0002E6,PH015518011,2015-01-01,S,43.6343,3.2001,0.0,30.9121,2.148,0.0,12.5743,0.1753,0.0,0.0,0.0,0.0
PNHZD0002E7,PH015518028,2015-01-01,S,42.8983,2.7062,4.0402,23.226,2.334,2.4485,5.4856,1.8456,0.6611,0.0,0.0,0.0
PNHZD0002E8,PH015518006,2015-01-01,S,10.214,53.2762,6.9058,26.195,21.1069,0.0253,21.8492,0.9117,0.0,0.0,0.0,0.0
PNHZD0002E9,PH015518030,2015-01-01,S,40.0426,20.1161,0.0458,27.5711,3.4083,0.0,14.5016,0.5181,0.0,0.0,0.0,0.0
PNHZD0002EA,PH015518020,2015-01-01,S,6.5604,51.1241,33.6724,34.034,21.8763,0.0087,21.8225,1.6713,0.0,0.0,0.0,0.0
PNHZD0002EB,PH015518019,2015-01-01,S,52.996,12.2665,0.0,38.1071,0.4253,0.0,7.657,0.0,0.0,0.0,0.0,0.0
PNHZD0002EC,PH015518027,2015-01-01,S,32.0176,2.1145,2.0423,21.9679,1.9652,1.1464,5.4588,1.4035,0.2781,0.0,0.0,0.0
PNHZD0002ED,PH015518008,2015-01-01,S,34.2727,11.0295,0.0135,32.8068,4.062,0.0115,16.6932,1.1016,0.0019,0.0,0.0,0.0
PNHZD0002EE,PH015518029,2015-01-01,S,5.1613,41.4274,49.8826,9.9159,69.881,2.454,28.7099,22.8427,0.0,0.0,0.0,0.0
PNHZD0002EF,PH015518014,2015-01-01,S,26.1936,9.1519,7.3079,22.0916,11.6526,0.5356,15.5535,3.8609,0.0,0.0,0.0,0.0
PNHZD0002F0,PH015518013,2015-01-01,S,24.5486,7.1797,7.8898,22.7003,7.4612,5.1308,20.2521,4.7644,0.0,0.0,0.0,0.0
PNHZD0002F1,PH015518015,2015-01-01,S,19.1267,15.4909,0.3102,19.6243,10.5371,0.0,17.9177,2.2078,0.0,0.0,0.0,0.0
PNHZD0002F2,PH015518002,2015-01-01,S,19.9937,16.0826,3.5261,17.7763,15.3648,0.0512,19.331,3.7207,0.0,0.0,0.0,0.0
PNHZD0002F3,PH015518021,2015-01-01,S,36.4014,15.7701,0.2327,31.7583,10.2294,0.0,18.4648,0.7836,0.0,0.0,0.0,0.0
PNHZD0002F4,PH015518001,2015-01-01,S,32.662,12.836,2.4657,31.099,4.8375,2.4291,19.5807,2.4879,0.0152,0.0,0.0,0.0
PNHZD0002F5,PH015518018,2015-01-01,S,23.3057,19.4616,0.1328,20.8079,12.6834,0.0,17.6318,2.4908,0.0,0.0,0.0,0.0
PNHZD0002F6,PH015518017,2015-01-01,S,29.4206,16.3604,0.2709,25.0076,8.2211,0.0027,16.2973,2.0002,0.0,0.0,0.0,0.0
PNHZD0002F7,PH034919017,2015-01-01,S,5.6681,5.1598,3.7902,5.5313,4.4982,2.8504,4.4548,3.9187,1.5657,7.9187,10.7429,4.386
PNHZD0002F8,PH034919010,2015-01-01,S,4.6558,10.8453,30.3478,4.849,7.2688,27.6581,3.8977,8.1385,24.0407,0.5994,0.5301,0.3349
PNHZD0002F9,PH034919016,2015-01-01,S,5.3561,5.893,9.5668,5.2416,5.2934,7.7306,4.612,4.2079,5.1901,5.0268,6.7883,12.0921
PNHZD0002FA,PH034919021,2015-01-01,S,2.6983,16.6506,79.3347,6.2532,23.5219,65.5815,12.1256,28.5912,34.771,0.2435,0.0866,0.0659
PNHZD0002FB,PH034919006,2015-01-01,S,6.3973,22.0041,26.5494,8.2442,21.1099,21.3033,8.4209,19.8092,11.3753,0.351,0.2185,0.0116
PNHZD0002FC,PH034919014,2015-01-01,S,8.9288,9.9266,5.9697,8.2313,8.5832,4.1655,7.2687,6.0119,2.2826,1.8831,0.9929,0.0866
PNHZD0002FD,PH034919018,2015-01-01,S,3.545,3.4019,9.3286,3.3329,3.3449,8.2108,3.1804,3.0186,6.3245,7.2131,21.0848,48.2281
PNHZD0002FE,PH034919003,2015-01-01,S,6.5635,7.0281,8.6639,5.773,6.4211,6.9439,5.204,5.5209,4.3059,5.7726,8.1166,7.2695
PNHZD0002FF,PH034919004,2015-01-01,S,5.8744,13.0975,37.0517,5.0881,14.696,31.5399,5.5819,20.0842,16.1359,0.383,0.2641,0.0
PNHZD000300,PH034919015,2015-01-01,S,4.6239,1.959,18.8709,4.2707,2.1009,17.4387,3.2094,2.0064,15.0822,2.3741,3.5481,1.4836
PNHZD000301,PH034919001,2015-01-01,S,5.7336,8.8021,14.2382,5.9341,8.8589,10.6282,5.4197,7.8325,6.4267,0.9416,0.6621,0.0671
PNHZD000302,PH034919011,2015-01-01,S,3.4369,4.9799,37.644,3.5786,4.46,34.383,2.7566,4.5842,29.8599,1.3695,0.1954,0.0
PNHZD000303,PH034919013,2015-01-01,S,8.7538,8.5081,5.5558,7.5668,8.0843,4.5643,6.606,6.4346,2.796,3.5945,3.3128,1.7246
PNHZD000304,PH034919020,2015-01-01,S,6.4125,11.1801,18.7204,6.239,11.1108,15.2562,6.5486,12.7538,6.789,0.1081,0.0346,0.0
PNHZD000305,PH034919007,2015-01-01,S,5.8105,5.3753,15.1589,5.1513,8.1269,11.023,4.5015,11.1186,4.8133,6.1886,9.1162,14.1919
PNHZD000306,PH034919005,2015-01-01,S,5.235,5.7042,11.1261,5.3388,5.6537,8.2368,4.7675,4.9012,5.5815,6.3624,8.7554,5.5133
PNHZD000307,PH034919022,2015-01-01,S,4.853,3.9947,6.7804,4.1497,4.0448,5.4042,3.2182,4.1664,3.3707,9.9254,20.0558,15.926
PNHZD000308,PH034919012,2015-01-01,S,3.9767,6.1241,45.7297,4.3175,7.5867,41.0653,4.9241,8.9502,29.2134,1.3426,1.0151,0.0887
PNHZD000309,PH034919008,2015-01-01,S,3.0408,3.974,48.0292,3.3343,5.1123,43.8065,3.8342,8.1333,33.1144,0.5834,0.2913,0.0831
PNHZD00030A,PH097332062,2015-01-01,S,9.1517,1.6441,0.0,6.849,1.5126,0.0,3.9735,0.7234,0.0,0.0,0.0,0.0
PNHZD00030B,PH097332028,2015-01-01,S,1.9303,1.9374,1.422,1.2503,1.1474,1.1001,1.1486,0.996,0.8075,14.2812,50.391,15.1834
PNHZD00030C,PH097332067,2015-01-01,S,8.1344,6.6623,0.0,0.0,0.0,0.0,0.0,0.0,0.0,0.0,0.0,0.0
PNHZD00030D,PH097332095,2015-01-01,S,0.281,0.281,0.0,0.0,0.0,0.0,0.0,0.0,0.0,3.7969,0.695,0.0
PNHZD00030E,PH097332060,2015-01-01,S,7.8825,6.9058,3.8858,0.0,0.0,0.0,0.0,0.0,0.0,4.8025,26.9257,15.4735
PNHZD00030F,PH097332034,2015-01-01,S,6.0895,4.9023,4.9064,5.0715,4.2562,3.0901,4.1474,3.0087,1.5852,13.178,42.505,11.6677
PNHZD000310,PH097332902,2015-01-01,S,3.1321,2.3736,3.0463,0.0,0.0,0.0,0.0,0.0,0.0,14.2023,38.7215,22.3894
PNHZD000311,PH097332027,2015-01-01,S,2.8854,2.3276,2.4553,0.0,0.0,0.0,0.0,0.0,0.0,14.6363,39.7029,9.4422
PNHZD000312,PH097332056,2015-01-01,S,4.0747,0.1593,0.0,0.0,0.0,0.0,0.0,0.0,0.0,0.0,0.0,0.0
PNHZD000313,PH097332044,2015-01-01,S,3.9697,5.3984,2.7748,4.0903,4.6315,2.2105,4.0584,3.3137,1.3993,10.6129,24.882,9.2895
PNHZD000314,PH097332020,2015-01-01,S,27.4717,8.9837,0.048,20.9141,3.0235,0.0393,9.6773,1.0851,0.0381,0.0262,0.0,0.0
PNHZD000315,PH097332093,2015-01-01,S,7.6741,6.056,7.2556,0.0,0.0,0.0,0.0,0.0,0.0,7.4908,19.8731,1.5057
PNHZD000316,PH097332047,2015-01-01,S,5.2745,6.5127,2.0607,1.9165,3.3817,0.4622,2.5256,1.9174,0.2655,12.8202,22.429,0.2115
PNHZD000317,PH097332051,2015-01-01,S,24.3155,25.2134,5.9365,22.4972,20.0219,4.6738,16.786,13.1067,3.3165,0.3841,0.0441,0.0
PNHZD000318,PH097332061,2015-01-01,S,31.997,5.2237,0.0219,27.1559,2.1714,0.0219,16.9346,0.6369,0.0,0.0,0.0,0.0
PNHZD000319,PH097332090,2015-01-01,S,5.4609,0.0056,0.0,0.0,0.0,0.0,0.0,0.0,0.0,0.008,0.0,0.0
PNHZD00031A,PH097332901,2015-01-01,S,2.8413,1.8762,2.7549,1.6155,0.9046,1.7036,1.2806,0.7191,1.2562,14.9121,45.9951,12.7753
PNHZD00031B,PH097332080,2015-01-01,S,4.8784,7.1668,6.8561,0.0,0.0,0.0,0.0,0.0,0.0,8.7591,32.2597,9.1062
PNHZD00031C,PH097332038,2015-01-01,S,5.0218,4.392,3.9123,4.1743,3.7078,2.5757,3.5644,2.9038,1.3156,14.0531,41.0828,8.1953
PNHZD00031D,PH097332100,2015-01-01,S,4.6499,7.1031,5.5089,3.7758,4.7747,3.2769,2.9019,2.4687,2.2469,12.8693,36.7353,14.7309
PNHZD00031E,PH097332092,2015-01-01,S,19.528,37.105,4.4687,22.4426,29.6089,2.3986,17.901,21.6269,1.2057,0.0,0.0,0.0
PNHZD00031F,PH097332097,2015-01-01,S,3.3185,5.7129,9.7426,1.7454,6.6329,4.4892,2.696,4.7753,2.494,11.4739,35.0897,19.1944
PNHZD000320,PH097332096,2015-01-01,S,8.8206,8.0408,2.3855,8.4909,6.7056,1.5188,7.5227,4.5269,0.5175,4.1582,4.7144,0.0891
PNHZD000321,PH097332023,2015-01-01,S,17.9641,15.9961,2.8713,11.4393,7.3351,1.5244,4.8935,3.5173,0.9026,2.2873,1.1869,0.0
PNHZD000322,PH097332010,2015-01-01,S,6.9695,31.5394,5.2325,10.422,27.79,2.2373,13.5697,12.9513,0.9732,4.0249,1.5505,0.0
PNHZD000323,PH097332070,2015-01-01,S,28.4497,7.7012,0.0,24.1685,4.8134,0.0,15.2589,1.6789,0.0,0.0,0.0,0.0
PNHZD000324,PH097332098,2015-01-01,S,2.8639,1.904,1.6888,0.94,0.7744,0.4017,0.7962,0.6093,0.2694,11.4527,47.2537,22.7396
PNHZD000325,PH097332050,2015-01-01,S,13.3751,18.0969,6.3676,12.564,9.8299,3.9616,9.4623,5.1408,1.4518,7.8169,8.3602,3.1837
PNHZD000326,PH097332039,2015-01-01,S,3.5285,3.5784,4.0447,0.0,0.0,0.0,0.0,0.0,0.0,18.772,28.1089,2.8859
PNHZD000327,PH097332064,2015-01-01,S,32.5149,3.8107,0.0,25.771,2.6142,0.0,13.5997,1.1965,0.0,0.0,0.0,0.0
PNHZD000328,PH097332073,2015-01-01,S,11.178,8.4553,2.5679,6.8671,5.2744,1.4558,5.1537,2.8831,0.4526,7.8148,12.9516,0.7221
PNHZD000329,PH097332076,2015-01-01,S,20.5433,34.9383,8.3463,19.9816,31.0659,5.7769,18.1788,22.5989,3.1667,0.0,0.0,0.0
PNHZD00032A,PH097332032,2015-01-01,S,4.008,2.5111,2.6087,0.0,0.0,0.0,0.0,0.0,0.0,10.55,40.4019,26.057
PNHZD00032B,PH097332002,2015-01-01,S,22.5866,24.1427,8.6645,0.0,0.0,0.0,0.0,0.0,0.0,0.0,0.0,0.0
PNHZD00032C,PH097332099,2015-01-01,S,15.9082,7.0588,0.041,12.8349,4.2345,0.0273,8.3892,0.9298,0.0137,0.0765,0.0584,0.0
PNHZD00032D,PH097332089,2015-01-01,S,6.538,4.674,4.5986,6.1589,4.0425,3.7891,5.0028,3.1019,2.4164,6.9159,28.171,33.0414
PNHZD00032E,PH097332101,2015-01-01,S,47.6934,4.7353,0.0,28.2373,2.2953,0.0,10.4303,1.0709,0.0,0.0,0.0,0.0
PNHZD00032F,PH097332053,2015-01-01,S,21.383,15.7388,3.1517,21.7609,10.3435,2.0478,15.1421,3.8614,1.2373,0.3151,0.0402,0.0
PNHZD000330,PH097332071,2015-01-01,S,21.6721,36.7677,13.8913,22.4783,33.2226,7.6654,18.2525,18.5477,0.6433,0.0,0.0,0.0
PNHZD000331,PH097332037,2015-01-01,S,2.8982,3.4873,3.9385,0.5712,0.5873,0.9446,0.289,0.3791,0.6687,12.1613,31.5523,5.2252
PNHZD000332,PH097332085,2015-01-01,S,27.2269,6.6026,0.0073,22.16,2.5801,0.0049,10.5775,0.6689,0.0024,0.0,0.0,0.0
PNHZD000333,PH097332904,2015-01-01,S,3.2473,1.6814,2.0678,0.0008,0.0011,0.0109,0.0006,0.0008,0.0098,6.7064,41.9197,43.9113
PNHZD000334,PH097332001,2015-01-01,S,22.586,1.9067,0.0,17.7232,0.3431,0.0,8.9475,0.1169,0.0,0.0,0.0,0.0
PNHZD000335,PH097332083,2015-01-01,S,24.4629,8.6397,1.5465,15.9215,3.9501,1.3586,6.3749,1.551,0.5153,0.0094,0.0006,0.0
PNHZD000336,PH097332087,2015-01-01,S,25.9414,10.7549,1.5861,21.5882,8.1064,1.5105,16.017,6.177,1.4629,0.0,0.0,0.0
PNHZD000337,PH097332043,2015-01-01,S,2.207,1.9622,2.547,2.0667,1.843,2.0935,1.8469,1.5317,1.4911,15.6474,51.2992,9.3409
PNHZD000338,PH097332021,2015-01-01,S,17.3494,3.7152,0.0661,13.8408,2.3604,0.0189,9.494,0.755,0.0,0.0,0.0,0.0
PNHZD000339,PH097332084,2015-01-01,S,17.0459,14.8928,5.7267,0.0,0.0,0.0,0.0,0.0,0.0,1.434,1.3893,0.0127
PNHZD00033A,PH097332035,2015-01-01,S,29.625,2.2112,0.0519,0.0,0.0,0.0,0.0,0.0,0.0,3.7664,6.4921,0.0865
PNHZD00033B,PH097332031,2015-01-01,S,18.6022,19.8959,3.8717,16.4259,18.5843,2.2089,14.7683,14.8773,1.3599,0.0,0.0,0.0
PNHZD00033C,PH097332017,2015-01-01,S,3.3904,3.4649,3.7028,0.7241,0.629,0.5715,0.5614,0.5081,0.2974,12.5853,47.4395,7.8755
PNHZD00033D,PH097332046,2015-01-01,S,4.5924,6.2763,3.3498,0.0,0.0,0.0,0.0,0.0,0.0,13.3825,34.263,0.786
PNHZD00033E,PH097332019,2015-01-01,S,7.3369,12.3505,0.5342,7.7338,8.7334,0.1765,9.0974,2.5536,0.0908,0.1859,0.0472,0.0
PNHZD00033F,PH097332004,2015-01-01,S,24.3868,29.696,2.1293,23.1206,15.1368,1.2718,13.5887,3.1772,0.3073,0.0,0.0,0.0
PNHZD000340,PH097332052,2015-01-01,S,38.3641,0.9869,0.0,26.0146,0.191,0.0,9.8638,0.0239,0.0,0.0,0.0,0.0
PNHZD000341,PH097332058,2015-01-01,S,13.1527,4.5708,0.1305,0.0,0.0,0.0,0.0,0.0,0.0,7.0452,9.0242,0.2186
PNHZD000342,PH097332045,2015-01-01,S,4.0085,5.6887,7.9649,4.009,5.5563,6.7895,4.1008,5.5715,4.2822,8.4561,15.9874,6.9024
PNHZD000343,PH097332048,2015-01-01,S,18.6089,24.3699,0.4675,23.7014,3.9629,0.4074,8.5724,1.438,0.3045,0.0072,0.0013,0.0
PNHZD000344,PH097332033,2015-01-01,S,4.8776,3.4998,2.2304,0.0,0.0,0.0,0.0,0.0,0.0,10.7469,49.0581,14.6274
PNHZD000345,PH097332016,2015-01-01,S,4.6125,8.66,4.082,5.1722,7.4649,3.1352,5.6871,4.807,2.0746,11.3093,32.5182,4.3918
PNHZD000346,PH097332063,2015-01-01,S,18.5067,3.1163,0.0109,15.0395,1.4808,0.0109,8.6695,0.4405,0.0,0.0,0.0,0.0
PNHZD000347,PH097332026,2015-01-01,S,13.88,37.4398,8.717,19.2168,27.3182,6.2969,13.8145,15.1786,2.9151,0.0555,0.003,0.0
PNHZD000348,PH097332069,2015-01-01,S,3.2037,2.2148,5.4697,3.2857,2.0354,4.4268,2.1251,1.4136,2.9544,13.1095,44.7928,17.6282
PNHZD000349,PH097332059,2015-01-01,S,2.9247,5.6674,10.7326,3.0772,6.053,9.0256,4.0192,5.2371,6.3002,10.9733,27.3424,21.946
PNHZD00034A,PH097332091,2015-01-01,S,2.9001,2.2368,3.0521,1.6219,1.0464,1.3151,1.026,0.6771,0.8533,12.7084,50.6498,14.7993
PNHZD00034B,PH097332072,2015-01-01,S,8.0642,17.0176,4.2672,8.2502,14.9376,2.9372,10.7986,7.6571,1.7826,6.6351,28.219,9.3307
PNHZD00034C,PH097332074,2015-01-01,S,39.3832,3.4371,0.0,3.0126,2.395,0.0,2.1997,0.322,0.0,0.0008,0.0,0.0
PNHZD00034D,PH097332041,2015-01-01,S,2.7757,2.2609,2.5563,1.6703,1.0387,1.0364,1.2694,0.8501,0.6862,8.4062,43.9816,32.4173
PNHZD00034E,PH097332104,2015-01-01,S,10.1407,27.3405,4.2515,12.0686,25.4393,1.2137,9.0136,5.9842,0.4959,0.7158,0.1783,0.0
PNHZD00034F,PH097332068,2015-01-01,S,22.7617,22.4466,0.0,18.5358,17.5547,0.0,13.876,0.4159,0.0,0.0,0.0,0.0
PNHZD000350,PH097332005,2015-01-01,S,3.1957,2.1832,2.6517,0.0088,0.0046,0.0,0.006,0.003,0.0,10.6703,41.4096,20.4729
PNHZD000351,PH097332079,2015-01-01,S,5.56,5.1233,2.6728,0.0,0.0,0.0,0.0,0.0,0.0,5.2713,15.0777,36.9576
PNHZD000352,PH097332024,2015-01-01,S,4.9344,8.0224,5.9237,0.0,0.0,0.0,0.0,0.0,0.0,13.4199,34.6844,10.2903
PNHZD000353,PH097332025,2015-01-01,S,10.7534,17.3623,0.4289,0.0,0.0,0.0,0.0,0.0,0.0,9.63,15.383,0.226
PNHZD000354,PH097332075,2015-01-01,S,27.6751,14.9416,0.0,25.2604,12.1671,0.0,19.9909,7.1452,0.0,0.0,0.0,0.0
PNHZD000355,PH097332102,2015-01-01,S,9.5775,9.3815,9.1304,9.5027,6.5232,8.1288,5.9656,3.4385,6.6003,3.6913,2.0502,0.0
PNHZD000356,PH097332040,2015-01-01,S,9.1711,20.248,9.2229,12.2639,20.0254,1.3986,11.6052,5.4758,0.2085,5.7083,6.7015,0.3006
PNHZD000357,PH097332054,2015-01-01,S,1.4544,1.2826,1.5106,0.0,0.0,0.0,0.0,0.0,0.0,12.6456,35.8574,7.638
PNHZD000358,PH097332077,2015-01-01,S,25.3313,1.2305,0.0,19.7368,0.4734,0.0,11.7796,0.0789,0.0,0.0,0.0,0.0
PNHZD000359,PH097332042,2015-01-01,S,3.5783,4.7857,2.2288,0.0,0.0,0.0,0.0,0.0,0.0,14.2498,29.2664,0.4417
PNHZD00035A,PH097332094,2015-01-01,S,9.1071,20.7285,11.7916,10.175,18.7733,10.0942,12.0341,14.2604,7.1484,1.3937,1.8573,0.0
PNHZD00035B,PH097332036,2015-01-01,S,25.2923,6.0244,0.0531,0.0,0.0,0.0,0.0,0.0,0.0,1.1126,1.1204,0.0
PNHZD00035C,PH097332066,2015-01-01,S,5.4519,16.7175,7.9503,0.0,0.0,0.0,0.0,0.0,0.0,11.8345,25.0984,5.8399
PNHZD00035D,PH097332012,2015-01-01,S,4.5889,13.0575,3.0119,0.0,0.0,0.0,0.0,0.0,0.0,4.9071,7.8229,0.067
PNHZD00035E,PH097332065,2015-01-01,S,8.5688,37.8989,9.4344,10.263,34.8801,6.3915,13.5441,25.7277,3.8683,2.2513,1.2587,0.0
PNHZD00035F,PH097332088,2015-01-01,S,4.8785,13.1323,4.1641,3.8173,11.7235,1.9801,5.3804,6.0655,1.1909,11.453,30.2771,18.4023
PNHZD000360,PH097332015,2015-01-01,S,14.0399,24.6392,6.0072,2.2838,1.0317,0.1296,1.4105,0.4971,0.0168,0.5113,0.0985,0.0
PNHZD000361,PH097332013,2015-01-01,S,3.7152,4.3648,5.0527,0.0064,0.0005,0.0,0.0029,0.0002,0.0,13.8919,36.2814,11.7689
PNHZD000362,PH097332055,2015-01-01,S,5.6027,6.8714,7.1507,0.0,0.0,0.0,0.0,0.0,0.0,4.3921,19.4094,35.0683
PNHZD000363,PH097332018,2015-01-01,S,3.2431,3.2398,2.95,0.0,0.0,0.0,0.0,0.0,0.0,17.1424,28.226,1.4283
PNHZD000364,PH097332011,2015-01-01,S,9.7083,18.1079,7.7122,0.0,0.0,0.0,0.0,0.0,0.0,8.1872,15.4707,0.2298
PNHZD000365,PH097332082,2015-01-01,S,3.1684,2.5591,4.3242,2.7534,2.5543,3.3273,2.5794,1.8142,2.2965,10.3292,34.2988,21.2262
PNHZD000366,PH097332086,2015-01-01,S,26.3542,21.2527,0.0,26.0411,13.4407,0.0,16.5184,1.8069,0.0,0.0139,0.0,0.0
PNHZD000367,PH097332014,2015-01-01,S,12.3963,8.7877,2.2218,0.0,0.0,0.0,0.0,0.0,0.0,4.5488,1.8785,0.0
PNHZD000368,PH097332078,2015-01-01,S,3.4319,3.9138,5.5336,0.3945,0.7407,2.7172,0.5025,1.0472,1.8189,14.1051,40.3873,10.5138
PNHZD000369,PH097332049,2015-01-01,S,7.6133,4.0898,1.0241,0.0,0.0,0.0,0.0,0.0,0.0,7.9023,26.6042,2.292
PNHZD00036A,PH097332030,2015-01-01,S,6.5297,15.6041,7.3458,0.0,0.0,0.0,0.0,0.0,0.0,7.4302,16.3347,0.5461
PNHZD00036B,PH097332057,2015-01-01,S,8.1345,11.1257,0.0625,0.0,0.0,0.0,0.0,0.0,0.0,11.1568,21.8727,0.001
PNHZD00036C,PH097332022,2015-01-01,S,10.9345,21.0155,1.8109,0.0,0.0,0.0,0.0,0.0,0.0,8.4184,17.604,0.1417
PNHZD00036D,PH097332081,2015-01-01,S,3.465,3.2554,5.0526,1.5103,1.3426,2.1107,1.4036,1.0781,1.612,10.9584,32.1518,8.6049
PNHZD00036E,PH097332103,2015-01-01,S,15.8544,11.9953,2.0936,12.9809,9.4369,1.4377,9.4754,5.4221,0.5237,6.5381,13.4001,2.0614
